barcode	target	n_cluster	task_index	timestamp	runtime_hours	sample
barcode65	lpa5104	0	1	2026-02-03T09:47:00Z	0.06666666666666667	HG01593
barcode65	lpa5104	0	1	2026-02-03T09:53:00Z	0.16666666666666666	HG01593
barcode66	lpa5104	2	2	2026-02-03T09:53:00Z	0.16666666666666666	HG02657
barcode65	lpa5104	0	1	2026-02-03T09:55:00Z	0.2	HG01593
barcode66	lpa5104	2	2	2026-02-03T09:55:00Z	0.2	HG02657
barcode67	lpa5104	0	3	2026-02-03T09:55:00Z	0.2	HG02778
barcode65	lpa5104	0	1	2026-02-03T09:56:00Z	0.21666666666666667	HG01593
barcode66	lpa5104	2	2	2026-02-03T09:56:00Z	0.21666666666666667	HG02657
barcode67	lpa5104	0	3	2026-02-03T09:56:00Z	0.21666666666666667	HG02778
barcode71	lpa5104	1	4	2026-02-03T09:56:00Z	0.21666666666666667	NA19098
barcode72	lpa5104	0	5	2026-02-03T09:56:00Z	0.21666666666666667	NA19190
barcode65	lpa5104	0	1	2026-02-03T10:01:00Z	0.3	HG01593
barcode66	lpa5104	2	2	2026-02-03T10:01:00Z	0.3	HG02657
barcode67	lpa5104	0	3	2026-02-03T10:01:00Z	0.3	HG02778
barcode71	lpa5104	1	4	2026-02-03T10:01:00Z	0.3	NA19098
barcode72	lpa5104	0	5	2026-02-03T10:01:00Z	0.3	NA19190
barcode69	lpa5104	0	6	2026-02-03T10:01:00Z	0.3	HG03765
barcode65	lpa5104	0	1	2026-02-03T10:35:00Z	0.8666666666666667	HG01593
barcode66	lpa5104	2	2	2026-02-03T10:35:00Z	0.8666666666666667	HG02657
barcode67	lpa5104	0	3	2026-02-03T10:35:00Z	0.8666666666666667	HG02778
barcode71	lpa5104	1	4	2026-02-03T10:35:00Z	0.8666666666666667	NA19098
barcode72	lpa5104	0	5	2026-02-03T10:35:00Z	0.8666666666666667	NA19190
barcode69	lpa5104	0	6	2026-02-03T10:35:00Z	0.8666666666666667	HG03765
barcode68	lpa5104	3	7	2026-02-03T10:35:00Z	0.8666666666666667	HG03234
barcode66	lpa5104	2	2	2026-02-03T10:42:00Z	0.9833333333333333	HG02657
barcode67	lpa5104	0	3	2026-02-03T10:42:00Z	0.9833333333333333	HG02778
barcode71	lpa5104	1	4	2026-02-03T10:42:00Z	0.9833333333333333	NA19098
barcode72	lpa5104	0	5	2026-02-03T10:42:00Z	0.9833333333333333	NA19190
barcode69	lpa5104	0	6	2026-02-03T10:42:00Z	0.9833333333333333	HG03765
barcode68	lpa5104	3	7	2026-02-03T10:42:00Z	0.9833333333333333	HG03234
barcode65	lpa5104	5	8	2026-02-03T10:42:00Z	0.9833333333333333	HG01593
barcode67	lpa5104	0	3	2026-02-03T10:55:00Z	1.2	HG02778
barcode71	lpa5104	1	4	2026-02-03T10:55:00Z	1.2	NA19098
barcode72	lpa5104	0	5	2026-02-03T10:55:00Z	1.2	NA19190
barcode69	lpa5104	0	6	2026-02-03T10:55:00Z	1.2	HG03765
barcode68	lpa5104	3	7	2026-02-03T10:55:00Z	1.2	HG03234
barcode65	lpa5104	5	8	2026-02-03T10:55:00Z	1.2	HG01593
barcode66	lpa5104	15	9	2026-02-03T10:55:00Z	1.2	HG02657
barcode70	lpa5104	6	10	2026-02-03T10:55:00Z	1.2	NA18868
barcode71	lpa5104	1	4	2026-02-03T10:58:00Z	1.25	NA19098
barcode72	lpa5104	0	5	2026-02-03T10:58:00Z	1.25	NA19190
barcode69	lpa5104	0	6	2026-02-03T10:58:00Z	1.25	HG03765
barcode68	lpa5104	3	7	2026-02-03T10:58:00Z	1.25	HG03234
barcode65	lpa5104	5	8	2026-02-03T10:58:00Z	1.25	HG01593
barcode66	lpa5104	15	9	2026-02-03T10:58:00Z	1.25	HG02657
barcode70	lpa5104	6	10	2026-02-03T10:58:00Z	1.25	NA18868
barcode67	lpa5104	11	11	2026-02-03T10:58:00Z	1.25	HG02778
barcode72	lpa5104	0	5	2026-02-03T10:59:00Z	1.2666666666666666	NA19190
barcode69	lpa5104	0	6	2026-02-03T10:59:00Z	1.2666666666666666	HG03765
barcode68	lpa5104	3	7	2026-02-03T10:59:00Z	1.2666666666666666	HG03234
barcode65	lpa5104	5	8	2026-02-03T10:59:00Z	1.2666666666666666	HG01593
barcode66	lpa5104	15	9	2026-02-03T10:59:00Z	1.2666666666666666	HG02657
barcode70	lpa5104	6	10	2026-02-03T10:59:00Z	1.2666666666666666	NA18868
barcode67	lpa5104	11	11	2026-02-03T10:59:00Z	1.2666666666666666	HG02778
barcode71	lpa5104	14	12	2026-02-03T10:59:00Z	1.2666666666666666	NA19098
barcode69	lpa5104	0	6	2026-02-03T11:01:00Z	1.3	HG03765
barcode68	lpa5104	3	7	2026-02-03T11:01:00Z	1.3	HG03234
barcode65	lpa5104	5	8	2026-02-03T11:01:00Z	1.3	HG01593
barcode66	lpa5104	15	9	2026-02-03T11:01:00Z	1.3	HG02657
barcode70	lpa5104	6	10	2026-02-03T11:01:00Z	1.3	NA18868
barcode67	lpa5104	11	11	2026-02-03T11:01:00Z	1.3	HG02778
barcode71	lpa5104	14	12	2026-02-03T11:01:00Z	1.3	NA19098
barcode72	lpa5104	5	13	2026-02-03T11:01:00Z	1.3	NA19190
barcode68	lpa5104	3	7	2026-02-03T11:07:00Z	1.4	HG03234
barcode65	lpa5104	5	8	2026-02-03T11:07:00Z	1.4	HG01593
barcode66	lpa5104	15	9	2026-02-03T11:07:00Z	1.4	HG02657
barcode70	lpa5104	6	10	2026-02-03T11:07:00Z	1.4	NA18868
barcode67	lpa5104	11	11	2026-02-03T11:07:00Z	1.4	HG02778
barcode71	lpa5104	14	12	2026-02-03T11:07:00Z	1.4	NA19098
barcode72	lpa5104	5	13	2026-02-03T11:07:00Z	1.4	NA19190
barcode69	lpa5104	1	14	2026-02-03T11:07:00Z	1.4	HG03765
barcode65	lpa5104	5	8	2026-02-03T11:25:00Z	1.7	HG01593
barcode66	lpa5104	15	9	2026-02-03T11:25:00Z	1.7	HG02657
barcode70	lpa5104	6	10	2026-02-03T11:25:00Z	1.7	NA18868
barcode67	lpa5104	11	11	2026-02-03T11:25:00Z	1.7	HG02778
barcode71	lpa5104	14	12	2026-02-03T11:25:00Z	1.7	NA19098
barcode72	lpa5104	5	13	2026-02-03T11:25:00Z	1.7	NA19190
barcode69	lpa5104	1	14	2026-02-03T11:25:00Z	1.7	HG03765
barcode68	lpa5104	29	15	2026-02-03T11:25:00Z	1.7	HG03234
barcode66	lpa5104	15	9	2026-02-03T11:35:00Z	1.8666666666666667	HG02657
barcode70	lpa5104	6	10	2026-02-03T11:35:00Z	1.8666666666666667	NA18868
barcode67	lpa5104	11	11	2026-02-03T11:35:00Z	1.8666666666666667	HG02778
barcode71	lpa5104	14	12	2026-02-03T11:35:00Z	1.8666666666666667	NA19098
barcode72	lpa5104	5	13	2026-02-03T11:35:00Z	1.8666666666666667	NA19190
barcode69	lpa5104	1	14	2026-02-03T11:35:00Z	1.8666666666666667	HG03765
barcode68	lpa5104	29	15	2026-02-03T11:35:00Z	1.8666666666666667	HG03234
barcode65	lpa5104	21	16	2026-02-03T11:35:00Z	1.8666666666666667	HG01593
barcode70	lpa5104	6	10	2026-02-03T11:55:00Z	2.2	NA18868
barcode67	lpa5104	11	11	2026-02-03T11:55:00Z	2.2	HG02778
barcode71	lpa5104	14	12	2026-02-03T11:55:00Z	2.2	NA19098
barcode72	lpa5104	5	13	2026-02-03T11:55:00Z	2.2	NA19190
barcode69	lpa5104	1	14	2026-02-03T11:55:00Z	2.2	HG03765
barcode68	lpa5104	29	15	2026-02-03T11:55:00Z	2.2	HG03234
barcode65	lpa5104	21	16	2026-02-03T11:55:00Z	2.2	HG01593
barcode66	lpa5104	51	17	2026-02-03T11:55:00Z	2.2	HG02657
barcode67	lpa5104	11	11	2026-02-03T11:56:00Z	2.216666666666667	HG02778
barcode71	lpa5104	14	12	2026-02-03T11:56:00Z	2.216666666666667	NA19098
barcode72	lpa5104	5	13	2026-02-03T11:56:00Z	2.216666666666667	NA19190
barcode69	lpa5104	1	14	2026-02-03T11:56:00Z	2.216666666666667	HG03765
barcode68	lpa5104	29	15	2026-02-03T11:56:00Z	2.216666666666667	HG03234
barcode65	lpa5104	21	16	2026-02-03T11:56:00Z	2.216666666666667	HG01593
barcode66	lpa5104	51	17	2026-02-03T11:56:00Z	2.216666666666667	HG02657
barcode70	lpa5104	31	18	2026-02-03T11:56:00Z	2.216666666666667	NA18868
barcode71	lpa5104	14	12	2026-02-03T12:02:00Z	2.316666666666667	NA19098
barcode72	lpa5104	5	13	2026-02-03T12:02:00Z	2.316666666666667	NA19190
barcode69	lpa5104	1	14	2026-02-03T12:02:00Z	2.316666666666667	HG03765
barcode68	lpa5104	29	15	2026-02-03T12:02:00Z	2.316666666666667	HG03234
barcode65	lpa5104	21	16	2026-02-03T12:02:00Z	2.316666666666667	HG01593
barcode66	lpa5104	51	17	2026-02-03T12:02:00Z	2.316666666666667	HG02657
barcode70	lpa5104	31	18	2026-02-03T12:02:00Z	2.316666666666667	NA18868
barcode67	lpa5104	67	19	2026-02-03T12:02:00Z	2.316666666666667	HG02778
barcode72	lpa5104	5	13	2026-02-03T12:05:00Z	2.3666666666666667	NA19190
barcode69	lpa5104	1	14	2026-02-03T12:05:00Z	2.3666666666666667	HG03765
barcode68	lpa5104	29	15	2026-02-03T12:05:00Z	2.3666666666666667	HG03234
barcode65	lpa5104	21	16	2026-02-03T12:05:00Z	2.3666666666666667	HG01593
barcode66	lpa5104	51	17	2026-02-03T12:05:00Z	2.3666666666666667	HG02657
barcode70	lpa5104	31	18	2026-02-03T12:05:00Z	2.3666666666666667	NA18868
barcode67	lpa5104	67	19	2026-02-03T12:05:00Z	2.3666666666666667	HG02778
barcode71	lpa5104	83	20	2026-02-03T12:05:00Z	2.3666666666666667	NA19098
barcode69	lpa5104	1	14	2026-02-03T12:07:00Z	2.4	HG03765
barcode68	lpa5104	29	15	2026-02-03T12:07:00Z	2.4	HG03234
barcode65	lpa5104	21	16	2026-02-03T12:07:00Z	2.4	HG01593
barcode66	lpa5104	51	17	2026-02-03T12:07:00Z	2.4	HG02657
barcode70	lpa5104	31	18	2026-02-03T12:07:00Z	2.4	NA18868
barcode67	lpa5104	67	19	2026-02-03T12:07:00Z	2.4	HG02778
barcode71	lpa5104	83	20	2026-02-03T12:07:00Z	2.4	NA19098
barcode72	lpa5104	18	21	2026-02-03T12:07:00Z	2.4	NA19190
barcode65	lpa5104	21	16	2026-02-03T12:18:00Z	2.5833333333333335	HG01593
barcode66	lpa5104	51	17	2026-02-03T12:18:00Z	2.5833333333333335	HG02657
barcode70	lpa5104	31	18	2026-02-03T12:18:00Z	2.5833333333333335	NA18868
barcode67	lpa5104	67	19	2026-02-03T12:18:00Z	2.5833333333333335	HG02778
barcode71	lpa5104	83	20	2026-02-03T12:18:00Z	2.5833333333333335	NA19098
barcode72	lpa5104	18	21	2026-02-03T12:18:00Z	2.5833333333333335	NA19190
barcode69	lpa5104	17	22	2026-02-03T12:18:00Z	2.5833333333333335	HG03765
barcode68	lpa5104	96	23	2026-02-03T12:18:00Z	2.5833333333333335	HG03234
barcode66	lpa5104	51	17	2026-02-03T12:32:00Z	2.816666666666667	HG02657
barcode70	lpa5104	31	18	2026-02-03T12:32:00Z	2.816666666666667	NA18868
barcode67	lpa5104	67	19	2026-02-03T12:32:00Z	2.816666666666667	HG02778
barcode71	lpa5104	83	20	2026-02-03T12:32:00Z	2.816666666666667	NA19098
barcode72	lpa5104	18	21	2026-02-03T12:32:00Z	2.816666666666667	NA19190
barcode69	lpa5104	17	22	2026-02-03T12:32:00Z	2.816666666666667	HG03765
barcode68	lpa5104	96	23	2026-02-03T12:32:00Z	2.816666666666667	HG03234
barcode65	lpa5104	74	24	2026-02-03T12:32:00Z	2.816666666666667	HG01593
barcode70	lpa5104	31	18	2026-02-03T12:59:00Z	3.2666666666666666	NA18868
barcode67	lpa5104	67	19	2026-02-03T12:59:00Z	3.2666666666666666	HG02778
barcode71	lpa5104	83	20	2026-02-03T12:59:00Z	3.2666666666666666	NA19098
barcode72	lpa5104	18	21	2026-02-03T12:59:00Z	3.2666666666666666	NA19190
barcode69	lpa5104	17	22	2026-02-03T12:59:00Z	3.2666666666666666	HG03765
barcode68	lpa5104	96	23	2026-02-03T12:59:00Z	3.2666666666666666	HG03234
barcode65	lpa5104	74	24	2026-02-03T12:59:00Z	3.2666666666666666	HG01593
barcode66	lpa5104	111	25	2026-02-03T12:59:00Z	3.2666666666666666	HG02657
barcode67	lpa5104	67	19	2026-02-03T13:00:00Z	3.283333333333333	HG02778
barcode71	lpa5104	83	20	2026-02-03T13:00:00Z	3.283333333333333	NA19098
barcode72	lpa5104	18	21	2026-02-03T13:00:00Z	3.283333333333333	NA19190
barcode69	lpa5104	17	22	2026-02-03T13:00:00Z	3.283333333333333	HG03765
barcode68	lpa5104	96	23	2026-02-03T13:00:00Z	3.283333333333333	HG03234
barcode65	lpa5104	74	24	2026-02-03T13:00:00Z	3.283333333333333	HG01593
barcode66	lpa5104	111	25	2026-02-03T13:00:00Z	3.283333333333333	HG02657
barcode70	lpa5104	89	26	2026-02-03T13:00:00Z	3.283333333333333	NA18868
barcode71	lpa5104	83	20	2026-02-03T13:04:00Z	3.35	NA19098
barcode72	lpa5104	18	21	2026-02-03T13:04:00Z	3.35	NA19190
barcode69	lpa5104	17	22	2026-02-03T13:04:00Z	3.35	HG03765
barcode68	lpa5104	96	23	2026-02-03T13:04:00Z	3.35	HG03234
barcode65	lpa5104	74	24	2026-02-03T13:04:00Z	3.35	HG01593
barcode66	lpa5104	111	25	2026-02-03T13:04:00Z	3.35	HG02657
barcode70	lpa5104	89	26	2026-02-03T13:04:00Z	3.35	NA18868
barcode67	lpa5104	169	27	2026-02-03T13:04:00Z	3.35	HG02778
barcode72	lpa5104	18	21	2026-02-03T13:09:00Z	3.433333333333333	NA19190
barcode69	lpa5104	17	22	2026-02-03T13:09:00Z	3.433333333333333	HG03765
barcode68	lpa5104	96	23	2026-02-03T13:09:00Z	3.433333333333333	HG03234
barcode65	lpa5104	74	24	2026-02-03T13:09:00Z	3.433333333333333	HG01593
barcode66	lpa5104	111	25	2026-02-03T13:09:00Z	3.433333333333333	HG02657
barcode70	lpa5104	89	26	2026-02-03T13:09:00Z	3.433333333333333	NA18868
barcode67	lpa5104	169	27	2026-02-03T13:09:00Z	3.433333333333333	HG02778
barcode71	lpa5104	182	28	2026-02-03T13:09:00Z	3.433333333333333	NA19098
barcode72	lpa5104	18	21	2026-02-03T13:10:00Z	3.45	NA19190
barcode69	lpa5104	17	22	2026-02-03T13:10:00Z	3.45	HG03765
barcode65	lpa5104	74	24	2026-02-03T13:10:00Z	3.45	HG01593
barcode66	lpa5104	111	25	2026-02-03T13:10:00Z	3.45	HG02657
barcode70	lpa5104	89	26	2026-02-03T13:10:00Z	3.45	NA18868
barcode67	lpa5104	169	27	2026-02-03T13:10:00Z	3.45	HG02778
barcode71	lpa5104	182	28	2026-02-03T13:10:00Z	3.45	NA19098
barcode68	lpa5104	205	29	2026-02-03T13:10:00Z	3.45	HG03234
barcode69	lpa5104	17	22	2026-02-03T13:11:00Z	3.466666666666667	HG03765
barcode65	lpa5104	74	24	2026-02-03T13:11:00Z	3.466666666666667	HG01593
barcode66	lpa5104	111	25	2026-02-03T13:11:00Z	3.466666666666667	HG02657
barcode70	lpa5104	89	26	2026-02-03T13:11:00Z	3.466666666666667	NA18868
barcode67	lpa5104	169	27	2026-02-03T13:11:00Z	3.466666666666667	HG02778
barcode71	lpa5104	182	28	2026-02-03T13:11:00Z	3.466666666666667	NA19098
barcode68	lpa5104	205	29	2026-02-03T13:11:00Z	3.466666666666667	HG03234
barcode72	lpa5104	61	30	2026-02-03T13:11:00Z	3.466666666666667	NA19190
barcode65	lpa5104	74	24	2026-02-03T13:26:00Z	3.716666666666667	HG01593
barcode66	lpa5104	111	25	2026-02-03T13:26:00Z	3.716666666666667	HG02657
barcode70	lpa5104	89	26	2026-02-03T13:26:00Z	3.716666666666667	NA18868
barcode67	lpa5104	169	27	2026-02-03T13:26:00Z	3.716666666666667	HG02778
barcode71	lpa5104	182	28	2026-02-03T13:26:00Z	3.716666666666667	NA19098
barcode68	lpa5104	205	29	2026-02-03T13:26:00Z	3.716666666666667	HG03234
barcode72	lpa5104	61	30	2026-02-03T13:26:00Z	3.716666666666667	NA19190
barcode69	lpa5104	50	31	2026-02-03T13:26:00Z	3.716666666666667	HG03765
barcode66	lpa5104	111	25	2026-02-03T13:29:00Z	3.7666666666666666	HG02657
barcode70	lpa5104	89	26	2026-02-03T13:29:00Z	3.7666666666666666	NA18868
barcode67	lpa5104	169	27	2026-02-03T13:29:00Z	3.7666666666666666	HG02778
barcode71	lpa5104	182	28	2026-02-03T13:29:00Z	3.7666666666666666	NA19098
barcode68	lpa5104	205	29	2026-02-03T13:29:00Z	3.7666666666666666	HG03234
barcode72	lpa5104	61	30	2026-02-03T13:29:00Z	3.7666666666666666	NA19190
barcode69	lpa5104	50	31	2026-02-03T13:29:00Z	3.7666666666666666	HG03765
barcode65	lpa5104	172	32	2026-02-03T13:29:00Z	3.7666666666666666	HG01593
barcode70	lpa5104	89	26	2026-02-03T14:04:00Z	4.35	NA18868
barcode67	lpa5104	169	27	2026-02-03T14:04:00Z	4.35	HG02778
barcode71	lpa5104	182	28	2026-02-03T14:04:00Z	4.35	NA19098
barcode68	lpa5104	205	29	2026-02-03T14:04:00Z	4.35	HG03234
barcode72	lpa5104	61	30	2026-02-03T14:04:00Z	4.35	NA19190
barcode69	lpa5104	50	31	2026-02-03T14:04:00Z	4.35	HG03765
barcode65	lpa5104	172	32	2026-02-03T14:04:00Z	4.35	HG01593
barcode66	lpa5104	206	33	2026-02-03T14:04:00Z	4.35	HG02657
barcode70	lpa5104	89	26	2026-02-03T14:05:00Z	4.366666666666666	NA18868
barcode67	lpa5104	169	27	2026-02-03T14:05:00Z	4.366666666666666	HG02778
barcode71	lpa5104	182	28	2026-02-03T14:05:00Z	4.366666666666666	NA19098
barcode72	lpa5104	61	30	2026-02-03T14:05:00Z	4.366666666666666	NA19190
barcode69	lpa5104	50	31	2026-02-03T14:05:00Z	4.366666666666666	HG03765
barcode65	lpa5104	172	32	2026-02-03T14:05:00Z	4.366666666666666	HG01593
barcode66	lpa5104	206	33	2026-02-03T14:05:00Z	4.366666666666666	HG02657
barcode68	lpa5104	357	34	2026-02-03T14:05:00Z	4.366666666666666	HG03234
barcode67	lpa5104	169	27	2026-02-03T14:06:00Z	4.383333333333334	HG02778
barcode71	lpa5104	182	28	2026-02-03T14:06:00Z	4.383333333333334	NA19098
barcode72	lpa5104	61	30	2026-02-03T14:06:00Z	4.383333333333334	NA19190
barcode69	lpa5104	50	31	2026-02-03T14:06:00Z	4.383333333333334	HG03765
barcode65	lpa5104	172	32	2026-02-03T14:06:00Z	4.383333333333334	HG01593
barcode66	lpa5104	206	33	2026-02-03T14:06:00Z	4.383333333333334	HG02657
barcode68	lpa5104	357	34	2026-02-03T14:06:00Z	4.383333333333334	HG03234
barcode70	lpa5104	188	35	2026-02-03T14:06:00Z	4.383333333333334	NA18868
barcode71	lpa5104	182	28	2026-02-03T14:11:00Z	4.466666666666667	NA19098
barcode72	lpa5104	61	30	2026-02-03T14:11:00Z	4.466666666666667	NA19190
barcode69	lpa5104	50	31	2026-02-03T14:11:00Z	4.466666666666667	HG03765
barcode65	lpa5104	172	32	2026-02-03T14:11:00Z	4.466666666666667	HG01593
barcode66	lpa5104	206	33	2026-02-03T14:11:00Z	4.466666666666667	HG02657
barcode68	lpa5104	357	34	2026-02-03T14:11:00Z	4.466666666666667	HG03234
barcode70	lpa5104	188	35	2026-02-03T14:11:00Z	4.466666666666667	NA18868
barcode67	lpa5104	316	36	2026-02-03T14:11:00Z	4.466666666666667	HG02778
barcode72	lpa5104	61	30	2026-02-03T14:16:00Z	4.55	NA19190
barcode69	lpa5104	50	31	2026-02-03T14:16:00Z	4.55	HG03765
barcode65	lpa5104	172	32	2026-02-03T14:16:00Z	4.55	HG01593
barcode66	lpa5104	206	33	2026-02-03T14:16:00Z	4.55	HG02657
barcode68	lpa5104	357	34	2026-02-03T14:16:00Z	4.55	HG03234
barcode70	lpa5104	188	35	2026-02-03T14:16:00Z	4.55	NA18868
barcode67	lpa5104	316	36	2026-02-03T14:16:00Z	4.55	HG02778
barcode71	lpa5104	330	37	2026-02-03T14:16:00Z	4.55	NA19098
barcode69	lpa5104	50	31	2026-02-03T14:19:00Z	4.6	HG03765
barcode65	lpa5104	172	32	2026-02-03T14:19:00Z	4.6	HG01593
barcode66	lpa5104	206	33	2026-02-03T14:19:00Z	4.6	HG02657
barcode68	lpa5104	357	34	2026-02-03T14:19:00Z	4.6	HG03234
barcode70	lpa5104	188	35	2026-02-03T14:19:00Z	4.6	NA18868
barcode67	lpa5104	316	36	2026-02-03T14:19:00Z	4.6	HG02778
barcode71	lpa5104	330	37	2026-02-03T14:19:00Z	4.6	NA19098
barcode72	lpa5104	139	38	2026-02-03T14:19:00Z	4.6	NA19190
barcode69	lpa5104	50	31	2026-02-03T14:27:00Z	4.733333333333333	HG03765
barcode66	lpa5104	206	33	2026-02-03T14:27:00Z	4.733333333333333	HG02657
barcode68	lpa5104	357	34	2026-02-03T14:27:00Z	4.733333333333333	HG03234
barcode70	lpa5104	188	35	2026-02-03T14:27:00Z	4.733333333333333	NA18868
barcode67	lpa5104	316	36	2026-02-03T14:27:00Z	4.733333333333333	HG02778
barcode71	lpa5104	330	37	2026-02-03T14:27:00Z	4.733333333333333	NA19098
barcode72	lpa5104	139	38	2026-02-03T14:27:00Z	4.733333333333333	NA19190
barcode65	lpa5104	303	39	2026-02-03T14:27:00Z	4.733333333333333	HG01593
barcode66	lpa5104	206	33	2026-02-03T14:39:00Z	4.933333333333334	HG02657
barcode68	lpa5104	357	34	2026-02-03T14:39:00Z	4.933333333333334	HG03234
barcode70	lpa5104	188	35	2026-02-03T14:39:00Z	4.933333333333334	NA18868
barcode67	lpa5104	316	36	2026-02-03T14:39:00Z	4.933333333333334	HG02778
barcode71	lpa5104	330	37	2026-02-03T14:39:00Z	4.933333333333334	NA19098
barcode72	lpa5104	139	38	2026-02-03T14:39:00Z	4.933333333333334	NA19190
barcode65	lpa5104	303	39	2026-02-03T14:39:00Z	4.933333333333334	HG01593
barcode69	lpa5104	108	40	2026-02-03T14:39:00Z	4.933333333333334	HG03765
barcode66	lpa5104	206	33	2026-02-03T15:01:00Z	5.3	HG02657
barcode70	lpa5104	188	35	2026-02-03T15:01:00Z	5.3	NA18868
barcode67	lpa5104	316	36	2026-02-03T15:01:00Z	5.3	HG02778
barcode71	lpa5104	330	37	2026-02-03T15:01:00Z	5.3	NA19098
barcode72	lpa5104	139	38	2026-02-03T15:01:00Z	5.3	NA19190
barcode65	lpa5104	303	39	2026-02-03T15:01:00Z	5.3	HG01593
barcode69	lpa5104	108	40	2026-02-03T15:01:00Z	5.3	HG03765
barcode68	lpa5104	499	41	2026-02-03T15:01:00Z	5.3	HG03234
barcode70	lpa5104	188	35	2026-02-03T15:12:00Z	5.483333333333333	NA18868
barcode67	lpa5104	316	36	2026-02-03T15:12:00Z	5.483333333333333	HG02778
barcode71	lpa5104	330	37	2026-02-03T15:12:00Z	5.483333333333333	NA19098
barcode72	lpa5104	139	38	2026-02-03T15:12:00Z	5.483333333333333	NA19190
barcode65	lpa5104	303	39	2026-02-03T15:12:00Z	5.483333333333333	HG01593
barcode69	lpa5104	108	40	2026-02-03T15:12:00Z	5.483333333333333	HG03765
barcode68	lpa5104	499	41	2026-02-03T15:12:00Z	5.483333333333333	HG03234
barcode66	lpa5104	354	42	2026-02-03T15:12:00Z	5.483333333333333	HG02657
barcode67	lpa5104	316	36	2026-02-03T15:14:00Z	5.516666666666667	HG02778
barcode71	lpa5104	330	37	2026-02-03T15:14:00Z	5.516666666666667	NA19098
barcode72	lpa5104	139	38	2026-02-03T15:14:00Z	5.516666666666667	NA19190
barcode65	lpa5104	303	39	2026-02-03T15:14:00Z	5.516666666666667	HG01593
barcode69	lpa5104	108	40	2026-02-03T15:14:00Z	5.516666666666667	HG03765
barcode68	lpa5104	499	41	2026-02-03T15:14:00Z	5.516666666666667	HG03234
barcode66	lpa5104	354	42	2026-02-03T15:14:00Z	5.516666666666667	HG02657
barcode70	lpa5104	319	43	2026-02-03T15:14:00Z	5.516666666666667	NA18868
barcode71	lpa5104	330	37	2026-02-03T15:20:00Z	5.616666666666666	NA19098
barcode72	lpa5104	139	38	2026-02-03T15:20:00Z	5.616666666666666	NA19190
barcode65	lpa5104	303	39	2026-02-03T15:20:00Z	5.616666666666666	HG01593
barcode69	lpa5104	108	40	2026-02-03T15:20:00Z	5.616666666666666	HG03765
barcode68	lpa5104	499	41	2026-02-03T15:20:00Z	5.616666666666666	HG03234
barcode66	lpa5104	354	42	2026-02-03T15:20:00Z	5.616666666666666	HG02657
barcode70	lpa5104	319	43	2026-02-03T15:20:00Z	5.616666666666666	NA18868
barcode67	lpa5104	488	44	2026-02-03T15:20:00Z	5.616666666666666	HG02778
barcode72	lpa5104	139	38	2026-02-03T15:28:00Z	5.75	NA19190
barcode65	lpa5104	303	39	2026-02-03T15:28:00Z	5.75	HG01593
barcode69	lpa5104	108	40	2026-02-03T15:28:00Z	5.75	HG03765
barcode68	lpa5104	499	41	2026-02-03T15:28:00Z	5.75	HG03234
barcode66	lpa5104	354	42	2026-02-03T15:28:00Z	5.75	HG02657
barcode70	lpa5104	319	43	2026-02-03T15:28:00Z	5.75	NA18868
barcode67	lpa5104	488	44	2026-02-03T15:28:00Z	5.75	HG02778
barcode71	lpa5104	483	45	2026-02-03T15:28:00Z	5.75	NA19098
barcode72	lpa5104	139	38	2026-02-03T15:30:00Z	5.783333333333333	NA19190
barcode69	lpa5104	108	40	2026-02-03T15:30:00Z	5.783333333333333	HG03765
barcode68	lpa5104	499	41	2026-02-03T15:30:00Z	5.783333333333333	HG03234
barcode66	lpa5104	354	42	2026-02-03T15:30:00Z	5.783333333333333	HG02657
barcode70	lpa5104	319	43	2026-02-03T15:30:00Z	5.783333333333333	NA18868
barcode67	lpa5104	488	44	2026-02-03T15:30:00Z	5.783333333333333	HG02778
barcode71	lpa5104	483	45	2026-02-03T15:30:00Z	5.783333333333333	NA19098
barcode65	lpa5104	471	46	2026-02-03T15:30:00Z	5.783333333333333	HG01593
barcode69	lpa5104	108	40	2026-02-03T15:31:00Z	5.8	HG03765
barcode68	lpa5104	499	41	2026-02-03T15:31:00Z	5.8	HG03234
barcode66	lpa5104	354	42	2026-02-03T15:31:00Z	5.8	HG02657
barcode70	lpa5104	319	43	2026-02-03T15:31:00Z	5.8	NA18868
barcode67	lpa5104	488	44	2026-02-03T15:31:00Z	5.8	HG02778
barcode71	lpa5104	483	45	2026-02-03T15:31:00Z	5.8	NA19098
barcode65	lpa5104	471	46	2026-02-03T15:31:00Z	5.8	HG01593
barcode72	lpa5104	246	47	2026-02-03T15:31:00Z	5.8	NA19190
barcode68	lpa5104	499	41	2026-02-03T15:56:00Z	6.216666666666667	HG03234
barcode66	lpa5104	354	42	2026-02-03T15:56:00Z	6.216666666666667	HG02657
barcode70	lpa5104	319	43	2026-02-03T15:56:00Z	6.216666666666667	NA18868
barcode67	lpa5104	488	44	2026-02-03T15:56:00Z	6.216666666666667	HG02778
barcode71	lpa5104	483	45	2026-02-03T15:56:00Z	6.216666666666667	NA19098
barcode65	lpa5104	471	46	2026-02-03T15:56:00Z	6.216666666666667	HG01593
barcode72	lpa5104	246	47	2026-02-03T15:56:00Z	6.216666666666667	NA19190
barcode69	lpa5104	180	48	2026-02-03T15:56:00Z	6.216666666666667	HG03765
barcode66	lpa5104	354	42	2026-02-03T15:59:00Z	6.266666666666667	HG02657
barcode70	lpa5104	319	43	2026-02-03T15:59:00Z	6.266666666666667	NA18868
barcode67	lpa5104	488	44	2026-02-03T15:59:00Z	6.266666666666667	HG02778
barcode71	lpa5104	483	45	2026-02-03T15:59:00Z	6.266666666666667	NA19098
barcode65	lpa5104	471	46	2026-02-03T15:59:00Z	6.266666666666667	HG01593
barcode72	lpa5104	246	47	2026-02-03T15:59:00Z	6.266666666666667	NA19190
barcode69	lpa5104	180	48	2026-02-03T15:59:00Z	6.266666666666667	HG03765
barcode68	lpa5104	686	49	2026-02-03T15:59:00Z	6.266666666666667	HG03234
barcode70	lpa5104	319	43	2026-02-03T16:19:00Z	6.6	NA18868
barcode67	lpa5104	488	44	2026-02-03T16:19:00Z	6.6	HG02778
barcode71	lpa5104	483	45	2026-02-03T16:19:00Z	6.6	NA19098
barcode65	lpa5104	471	46	2026-02-03T16:19:00Z	6.6	HG01593
barcode72	lpa5104	246	47	2026-02-03T16:19:00Z	6.6	NA19190
barcode69	lpa5104	180	48	2026-02-03T16:19:00Z	6.6	HG03765
barcode68	lpa5104	686	49	2026-02-03T16:19:00Z	6.6	HG03234
barcode66	lpa5104	498	50	2026-02-03T16:19:00Z	6.6	HG02657
barcode67	lpa5104	488	44	2026-02-03T16:23:00Z	6.666666666666667	HG02778
barcode71	lpa5104	483	45	2026-02-03T16:23:00Z	6.666666666666667	NA19098
barcode65	lpa5104	471	46	2026-02-03T16:23:00Z	6.666666666666667	HG01593
barcode72	lpa5104	246	47	2026-02-03T16:23:00Z	6.666666666666667	NA19190
barcode69	lpa5104	180	48	2026-02-03T16:23:00Z	6.666666666666667	HG03765
barcode68	lpa5104	686	49	2026-02-03T16:23:00Z	6.666666666666667	HG03234
barcode66	lpa5104	498	50	2026-02-03T16:23:00Z	6.666666666666667	HG02657
barcode70	lpa5104	509	51	2026-02-03T16:23:00Z	6.666666666666667	NA18868
barcode71	lpa5104	483	45	2026-02-03T16:31:00Z	6.8	NA19098
barcode65	lpa5104	471	46	2026-02-03T16:31:00Z	6.8	HG01593
barcode72	lpa5104	246	47	2026-02-03T16:31:00Z	6.8	NA19190
barcode69	lpa5104	180	48	2026-02-03T16:31:00Z	6.8	HG03765
barcode68	lpa5104	686	49	2026-02-03T16:31:00Z	6.8	HG03234
barcode66	lpa5104	498	50	2026-02-03T16:31:00Z	6.8	HG02657
barcode70	lpa5104	509	51	2026-02-03T16:31:00Z	6.8	NA18868
barcode67	lpa5104	658	52	2026-02-03T16:31:00Z	6.8	HG02778
barcode71	lpa5104	483	45	2026-02-03T16:32:00Z	6.816666666666666	NA19098
barcode72	lpa5104	246	47	2026-02-03T16:32:00Z	6.816666666666666	NA19190
barcode69	lpa5104	180	48	2026-02-03T16:32:00Z	6.816666666666666	HG03765
barcode68	lpa5104	686	49	2026-02-03T16:32:00Z	6.816666666666666	HG03234
barcode66	lpa5104	498	50	2026-02-03T16:32:00Z	6.816666666666666	HG02657
barcode70	lpa5104	509	51	2026-02-03T16:32:00Z	6.816666666666666	NA18868
barcode67	lpa5104	658	52	2026-02-03T16:32:00Z	6.816666666666666	HG02778
barcode65	lpa5104	638	53	2026-02-03T16:32:00Z	6.816666666666666	HG01593
barcode72	lpa5104	246	47	2026-02-03T16:43:00Z	7	NA19190
barcode69	lpa5104	180	48	2026-02-03T16:43:00Z	7	HG03765
barcode68	lpa5104	686	49	2026-02-03T16:43:00Z	7	HG03234
barcode66	lpa5104	498	50	2026-02-03T16:43:00Z	7	HG02657
barcode70	lpa5104	509	51	2026-02-03T16:43:00Z	7	NA18868
barcode67	lpa5104	658	52	2026-02-03T16:43:00Z	7	HG02778
barcode65	lpa5104	638	53	2026-02-03T16:43:00Z	7	HG01593
barcode71	lpa5104	644	54	2026-02-03T16:43:00Z	7	NA19098
barcode69	lpa5104	180	48	2026-02-03T16:46:00Z	7.05	HG03765
barcode68	lpa5104	686	49	2026-02-03T16:46:00Z	7.05	HG03234
barcode66	lpa5104	498	50	2026-02-03T16:46:00Z	7.05	HG02657
barcode70	lpa5104	509	51	2026-02-03T16:46:00Z	7.05	NA18868
barcode67	lpa5104	658	52	2026-02-03T16:46:00Z	7.05	HG02778
barcode65	lpa5104	638	53	2026-02-03T16:46:00Z	7.05	HG01593
barcode71	lpa5104	644	54	2026-02-03T16:46:00Z	7.05	NA19098
barcode72	lpa5104	373	55	2026-02-03T16:46:00Z	7.05	NA19190
barcode69	lpa5104	180	48	2026-02-03T17:00:00Z	7.283333333333333	HG03765
barcode66	lpa5104	498	50	2026-02-03T17:00:00Z	7.283333333333333	HG02657
barcode70	lpa5104	509	51	2026-02-03T17:00:00Z	7.283333333333333	NA18868
barcode67	lpa5104	658	52	2026-02-03T17:00:00Z	7.283333333333333	HG02778
barcode65	lpa5104	638	53	2026-02-03T17:00:00Z	7.283333333333333	HG01593
barcode71	lpa5104	644	54	2026-02-03T17:00:00Z	7.283333333333333	NA19098
barcode72	lpa5104	373	55	2026-02-03T17:00:00Z	7.283333333333333	NA19190
barcode68	lpa5104	858	56	2026-02-03T17:00:00Z	7.283333333333333	HG03234
barcode66	lpa5104	498	50	2026-02-03T17:16:00Z	7.55	HG02657
barcode70	lpa5104	509	51	2026-02-03T17:16:00Z	7.55	NA18868
barcode67	lpa5104	658	52	2026-02-03T17:16:00Z	7.55	HG02778
barcode65	lpa5104	638	53	2026-02-03T17:16:00Z	7.55	HG01593
barcode71	lpa5104	644	54	2026-02-03T17:16:00Z	7.55	NA19098
barcode72	lpa5104	373	55	2026-02-03T17:16:00Z	7.55	NA19190
barcode68	lpa5104	858	56	2026-02-03T17:16:00Z	7.55	HG03234
barcode69	lpa5104	296	57	2026-02-03T17:16:00Z	7.55	HG03765
barcode70	lpa5104	509	51	2026-02-03T17:31:00Z	7.8	NA18868
barcode67	lpa5104	658	52	2026-02-03T17:31:00Z	7.8	HG02778
barcode65	lpa5104	638	53	2026-02-03T17:31:00Z	7.8	HG01593
barcode71	lpa5104	644	54	2026-02-03T17:31:00Z	7.8	NA19098
barcode72	lpa5104	373	55	2026-02-03T17:31:00Z	7.8	NA19190
barcode68	lpa5104	858	56	2026-02-03T17:31:00Z	7.8	HG03234
barcode69	lpa5104	296	57	2026-02-03T17:31:00Z	7.8	HG03765
barcode66	lpa5104	634	58	2026-02-03T17:31:00Z	7.8	HG02657
barcode67	lpa5104	658	52	2026-02-03T17:36:00Z	7.883333333333334	HG02778
barcode71	lpa5104	644	54	2026-02-03T17:36:00Z	7.883333333333334	NA19098
barcode72	lpa5104	373	55	2026-02-03T17:36:00Z	7.883333333333334	NA19190
barcode68	lpa5104	858	56	2026-02-03T17:36:00Z	7.883333333333334	HG03234
barcode69	lpa5104	296	57	2026-02-03T17:36:00Z	7.883333333333334	HG03765
barcode66	lpa5104	634	58	2026-02-03T17:36:00Z	7.883333333333334	HG02657
barcode70	lpa5104	674	59	2026-02-03T17:36:00Z	7.883333333333334	NA18868
barcode65	lpa5104	804	60	2026-02-03T17:36:00Z	7.883333333333334	HG01593
barcode71	lpa5104	644	54	2026-02-03T17:45:00Z	8.033333333333333	NA19098
barcode72	lpa5104	373	55	2026-02-03T17:45:00Z	8.033333333333333	NA19190
barcode68	lpa5104	858	56	2026-02-03T17:45:00Z	8.033333333333333	HG03234
barcode69	lpa5104	296	57	2026-02-03T17:45:00Z	8.033333333333333	HG03765
barcode66	lpa5104	634	58	2026-02-03T17:45:00Z	8.033333333333333	HG02657
barcode70	lpa5104	674	59	2026-02-03T17:45:00Z	8.033333333333333	NA18868
barcode65	lpa5104	804	60	2026-02-03T17:45:00Z	8.033333333333333	HG01593
barcode67	lpa5104	816	61	2026-02-03T17:45:00Z	8.033333333333333	HG02778
barcode72	lpa5104	373	55	2026-02-03T17:56:00Z	8.216666666666667	NA19190
barcode68	lpa5104	858	56	2026-02-03T17:56:00Z	8.216666666666667	HG03234
barcode69	lpa5104	296	57	2026-02-03T17:56:00Z	8.216666666666667	HG03765
barcode66	lpa5104	634	58	2026-02-03T17:56:00Z	8.216666666666667	HG02657
barcode70	lpa5104	674	59	2026-02-03T17:56:00Z	8.216666666666667	NA18868
barcode65	lpa5104	804	60	2026-02-03T17:56:00Z	8.216666666666667	HG01593
barcode67	lpa5104	816	61	2026-02-03T17:56:00Z	8.216666666666667	HG02778
barcode71	lpa5104	796	62	2026-02-03T17:56:00Z	8.216666666666667	NA19098
barcode69	lpa5104	296	57	2026-02-03T18:01:00Z	8.3	HG03765
barcode66	lpa5104	634	58	2026-02-03T18:01:00Z	8.3	HG02657
barcode70	lpa5104	674	59	2026-02-03T18:01:00Z	8.3	NA18868
barcode65	lpa5104	804	60	2026-02-03T18:01:00Z	8.3	HG01593
barcode67	lpa5104	816	61	2026-02-03T18:01:00Z	8.3	HG02778
barcode71	lpa5104	796	62	2026-02-03T18:01:00Z	8.3	NA19098
barcode72	lpa5104	527	63	2026-02-03T18:01:00Z	8.3	NA19190
barcode68	lpa5104	991	64	2026-02-03T18:01:00Z	8.3	HG03234
barcode66	lpa5104	634	58	2026-02-03T18:37:00Z	8.9	HG02657
barcode70	lpa5104	674	59	2026-02-03T18:37:00Z	8.9	NA18868
barcode65	lpa5104	804	60	2026-02-03T18:37:00Z	8.9	HG01593
barcode67	lpa5104	816	61	2026-02-03T18:37:00Z	8.9	HG02778
barcode71	lpa5104	796	62	2026-02-03T18:37:00Z	8.9	NA19098
barcode72	lpa5104	527	63	2026-02-03T18:37:00Z	8.9	NA19190
barcode68	lpa5104	991	64	2026-02-03T18:37:00Z	8.9	HG03234
barcode69	lpa5104	410	65	2026-02-03T18:37:00Z	8.9	HG03765
barcode66	lpa5104	634	58	2026-02-03T18:43:00Z	9	HG02657
barcode70	lpa5104	674	59	2026-02-03T18:43:00Z	9	NA18868
barcode67	lpa5104	816	61	2026-02-03T18:43:00Z	9	HG02778
barcode71	lpa5104	796	62	2026-02-03T18:43:00Z	9	NA19098
barcode72	lpa5104	527	63	2026-02-03T18:43:00Z	9	NA19190
barcode68	lpa5104	991	64	2026-02-03T18:43:00Z	9	HG03234
barcode69	lpa5104	410	65	2026-02-03T18:43:00Z	9	HG03765
barcode65	lpa5104	996	66	2026-02-03T18:43:00Z	9	HG01593
barcode70	lpa5104	674	59	2026-02-03T18:44:00Z	9.016666666666667	NA18868
barcode67	lpa5104	816	61	2026-02-03T18:44:00Z	9.016666666666667	HG02778
barcode71	lpa5104	796	62	2026-02-03T18:44:00Z	9.016666666666667	NA19098
barcode72	lpa5104	527	63	2026-02-03T18:44:00Z	9.016666666666667	NA19190
barcode68	lpa5104	991	64	2026-02-03T18:44:00Z	9.016666666666667	HG03234
barcode69	lpa5104	410	65	2026-02-03T18:44:00Z	9.016666666666667	HG03765
barcode65	lpa5104	996	66	2026-02-03T18:44:00Z	9.016666666666667	HG01593
barcode66	lpa5104	797	67	2026-02-03T18:44:00Z	9.016666666666667	HG02657
barcode67	lpa5104	816	61	2026-02-03T18:49:00Z	9.1	HG02778
barcode71	lpa5104	796	62	2026-02-03T18:49:00Z	9.1	NA19098
barcode72	lpa5104	527	63	2026-02-03T18:49:00Z	9.1	NA19190
barcode68	lpa5104	991	64	2026-02-03T18:49:00Z	9.1	HG03234
barcode69	lpa5104	410	65	2026-02-03T18:49:00Z	9.1	HG03765
barcode65	lpa5104	996	66	2026-02-03T18:49:00Z	9.1	HG01593
barcode66	lpa5104	797	67	2026-02-03T18:49:00Z	9.1	HG02657
barcode70	lpa5104	847	68	2026-02-03T18:49:00Z	9.1	NA18868
barcode71	lpa5104	796	62	2026-02-03T19:00:00Z	9.283333333333333	NA19098
barcode72	lpa5104	527	63	2026-02-03T19:00:00Z	9.283333333333333	NA19190
barcode68	lpa5104	991	64	2026-02-03T19:00:00Z	9.283333333333333	HG03234
barcode69	lpa5104	410	65	2026-02-03T19:00:00Z	9.283333333333333	HG03765
barcode65	lpa5104	996	66	2026-02-03T19:00:00Z	9.283333333333333	HG01593
barcode66	lpa5104	797	67	2026-02-03T19:00:00Z	9.283333333333333	HG02657
barcode70	lpa5104	847	68	2026-02-03T19:00:00Z	9.283333333333333	NA18868
barcode67	lpa5104	951	69	2026-02-03T19:00:00Z	9.283333333333333	HG02778
barcode71	lpa5104	796	62	2026-02-03T19:02:00Z	9.316666666666666	NA19098
barcode72	lpa5104	527	63	2026-02-03T19:02:00Z	9.316666666666666	NA19190
barcode69	lpa5104	410	65	2026-02-03T19:02:00Z	9.316666666666666	HG03765
barcode65	lpa5104	996	66	2026-02-03T19:02:00Z	9.316666666666666	HG01593
barcode66	lpa5104	797	67	2026-02-03T19:02:00Z	9.316666666666666	HG02657
barcode70	lpa5104	847	68	2026-02-03T19:02:00Z	9.316666666666666	NA18868
barcode67	lpa5104	951	69	2026-02-03T19:02:00Z	9.316666666666666	HG02778
barcode68	lpa5104	1135	70	2026-02-03T19:02:00Z	9.316666666666666	HG03234
barcode72	lpa5104	527	63	2026-02-03T19:12:00Z	9.483333333333333	NA19190
barcode69	lpa5104	410	65	2026-02-03T19:12:00Z	9.483333333333333	HG03765
barcode65	lpa5104	996	66	2026-02-03T19:12:00Z	9.483333333333333	HG01593
barcode66	lpa5104	797	67	2026-02-03T19:12:00Z	9.483333333333333	HG02657
barcode70	lpa5104	847	68	2026-02-03T19:12:00Z	9.483333333333333	NA18868
barcode67	lpa5104	951	69	2026-02-03T19:12:00Z	9.483333333333333	HG02778
barcode68	lpa5104	1135	70	2026-02-03T19:12:00Z	9.483333333333333	HG03234
barcode71	lpa5104	918	71	2026-02-03T19:12:00Z	9.483333333333333	NA19098
barcode69	lpa5104	410	65	2026-02-03T19:16:00Z	9.55	HG03765
barcode65	lpa5104	996	66	2026-02-03T19:16:00Z	9.55	HG01593
barcode66	lpa5104	797	67	2026-02-03T19:16:00Z	9.55	HG02657
barcode70	lpa5104	847	68	2026-02-03T19:16:00Z	9.55	NA18868
barcode67	lpa5104	951	69	2026-02-03T19:16:00Z	9.55	HG02778
barcode68	lpa5104	1135	70	2026-02-03T19:16:00Z	9.55	HG03234
barcode71	lpa5104	918	71	2026-02-03T19:16:00Z	9.55	NA19098
barcode72	lpa5104	688	72	2026-02-03T19:16:00Z	9.55	NA19190
barcode69	lpa5104	410	65	2026-02-03T19:50:00Z	10.116666666666667	HG03765
barcode66	lpa5104	797	67	2026-02-03T19:50:00Z	10.116666666666667	HG02657
barcode70	lpa5104	847	68	2026-02-03T19:50:00Z	10.116666666666667	NA18868
barcode67	lpa5104	951	69	2026-02-03T19:50:00Z	10.116666666666667	HG02778
barcode68	lpa5104	1135	70	2026-02-03T19:50:00Z	10.116666666666667	HG03234
barcode71	lpa5104	918	71	2026-02-03T19:50:00Z	10.116666666666667	NA19098
barcode72	lpa5104	688	72	2026-02-03T19:50:00Z	10.116666666666667	NA19190
barcode65	lpa5104	1168	73	2026-02-03T19:50:00Z	10.116666666666667	HG01593
barcode69	lpa5104	410	65	2026-02-03T19:57:00Z	10.233333333333333	HG03765
barcode70	lpa5104	847	68	2026-02-03T19:57:00Z	10.233333333333333	NA18868
barcode67	lpa5104	951	69	2026-02-03T19:57:00Z	10.233333333333333	HG02778
barcode68	lpa5104	1135	70	2026-02-03T19:57:00Z	10.233333333333333	HG03234
barcode71	lpa5104	918	71	2026-02-03T19:57:00Z	10.233333333333333	NA19098
barcode72	lpa5104	688	72	2026-02-03T19:57:00Z	10.233333333333333	NA19190
barcode65	lpa5104	1168	73	2026-02-03T19:57:00Z	10.233333333333333	HG01593
barcode66	lpa5104	913	74	2026-02-03T19:57:00Z	10.233333333333333	HG02657
barcode70	lpa5104	847	68	2026-02-03T19:58:00Z	10.25	NA18868
barcode67	lpa5104	951	69	2026-02-03T19:58:00Z	10.25	HG02778
barcode68	lpa5104	1135	70	2026-02-03T19:58:00Z	10.25	HG03234
barcode71	lpa5104	918	71	2026-02-03T19:58:00Z	10.25	NA19098
barcode72	lpa5104	688	72	2026-02-03T19:58:00Z	10.25	NA19190
barcode65	lpa5104	1168	73	2026-02-03T19:58:00Z	10.25	HG01593
barcode66	lpa5104	913	74	2026-02-03T19:58:00Z	10.25	HG02657
barcode69	lpa5104	550	75	2026-02-03T19:58:00Z	10.25	HG03765
