variant_id	umi-pipeline-nf (POA-based)	umi-pipeline-nf (Reference-based)	ONT pipeline-umi-amplicon (default)	vntr-calling-nf (default)
21_G_A	0.15567282321899736	0.15633220593761743	0.16666666666666666	0.21
31_T_C	0.15491895966830005	0.155956407365652	0.1111111111111111	0.211
35_C_G	0.26422917451941197	0.26418639609169486	0.16666666666666666	0.222
37_C_T	0.046739540143234073	0.04659902292371289	0	0.034
50_C_G	0.15567282321899736	0.15633220593761743	0.1111111111111111	0.222
70_C_T	0.15567282321899736	0.15633220593761743	0.16666666666666666	0.22
91_T_C	0.15567282321899736	0.15633220593761743	0.16666666666666666	0.203
105_C_T	0.15567282321899736	0.15633220593761743	0.16666666666666666	0.204
112_C_T	0.15567282321899736	0.15633220593761743	0.16666666666666666	0.206
132_C_T	0.15567282321899736	0.15633220593761743	0.15789473684210523	0.221
141_A_G	0.15567282321899736	0.15633220593761743	0.21052631578947367	0.226
146_C_T	0.08480964945344893	0.08455467869222097	0.10526315789473684	0.1
166_G_A	0.15567282321899736	0.15633220593761743	0.21052631578947367	0.204
191_A_G	0.08480964945344893	0.0849304772641864	0.05	0.069
197_G_T	0.15567282321899736	0.15633220593761743	0.2	0.169
202_A_C	0.15567282321899736	0.15633220593761743	0.25	0.171
203_A_T	0.15567282321899736	0.15633220593761743	0.25	0.171
204_A_C	0.15567282321899736	0.15633220593761743	0.2	0.17
213_C_T	0.15567282321899736	0.15633220593761743	0.25	0.157
236_G_T	0.15567282321899736	0.15633220593761743	0.25	0.175
239_C_T	0.15567282321899736	0.15633220593761743	0.2	0.174
254_G_A	0.15567282321899736	0.15633220593761743	0.2	0.166
260_G_C	0.15567282321899736	0.15633220593761743	0.15	0.179
265_C_T	0.15567282321899736	0.15633220593761743	0.15	0.169
271_G_C	0.15567282321899736	0.15633220593761743	0.2	0.163
287_C_A	0.15567282321899736	0.15633220593761743	0.25	0.154
302_C_T	0.15567282321899736	0.15633220593761743	0.23809523809523808	0.149
311_T_G	0.15567282321899736	0.15633220593761743	0.23809523809523808	0.14
318_C_G	0.15567282321899736	0.15633220593761743	0.2857142857142857	0.092
321_A_G	0.15567282321899736	0.15633220593761743	0.2857142857142857	0.092
328_A_G	0.15567282321899736	0.15633220593761743	0.2857142857142857	0.098
333_A_T	0.15567282321899736	0.15633220593761743	0.23809523809523808	0.092
340_G_C	0.15567282321899736	0.15633220593761743	0.23809523809523808	0.097
346_C_T	0.15567282321899736	0.15633220593761743	0.1904761904761905	0.098
355_G_T	0.15567282321899736	0.15633220593761743	0.23809523809523808	0.102
373_A_T	0.15567282321899736	0.15633220593761743	0.23809523809523808	0.172
395_A_T	0.15567282321899736	0.15633220593761743	0.1904761904761905	0.19
399_G_T	0.15567282321899736	0.15633220593761743	0.1904761904761905	0.196
410_T_A	0.15567282321899736	0.15633220593761743	0.23809523809523808	0.152
412_C_G	0.15567282321899736	0.15633220593761743	0.23809523809523808	0.178
417_G_C	0.15567282321899736	0.15633220593761743	0.23809523809523808	0.18
421_T_A	0.15567282321899736	0.15633220593761743	0.23809523809523808	0.196
427_G_T	0.15567282321899736	0.15633220593761743	0.23809523809523808	0.199
433_C_T	0.15604975499434603	0.15670800450958286	0.23809523809523808	0.208
443_A_C	0.15567282321899736	0.15633220593761743	0.1904761904761905	0.216
458_T_C	0.15567282321899736	0.15633220593761743	0.23809523809523808	0.201
459_G_A	0.15567282321899736	0.15633220593761743	0.23809523809523808	0.197
461_A_G	0.15567282321899736	0.15633220593761743	0.2857142857142857	0.195
467_A_G	0.15567282321899736	0.15633220593761743	0.1904761904761905	0.221
473_G_T	0.15567282321899736	0.15633220593761743	0.2857142857142857	0.224
478_G_T	0.15567282321899736	0.15633220593761743	0.2857142857142857	0.234
514_C_T	0.15567282321899736	0.15633220593761743	0.23809523809523808	0.221
516_A_G	0.03844704108556351	0.0383314543404735	0	0.047
520_G_T	0.03844704108556351	0.03870725291243893	0.09523809523809525	0.03
529_G_A	0.15567282321899736	0.15633220593761743	0.23809523809523808	0.195
534_T_G	0.15567282321899736	0.15633220593761743	0.23809523809523808	0.181
535_C_T	0.15567282321899736	0.15633220593761743	0.23809523809523808	0.185
539_G_T	0.15567282321899736	0.15633220593761743	0.23809523809523808	0.187
555_C_D	0.15567282321899736	0.15633220593761743	0.23809523809523808	0.171
558_G_T	0.15567282321899736	0.15633220593761743	0.23809523809523808	0.17
564_C_T	0.15567282321899736	0.15633220593761743	0.23809523809523808	0.172
565_C_T	0.15567282321899736	0.15633220593761743	0.23809523809523808	0.181
594_A_G	0.15567282321899736	0.15633220593761743	0.09523809523809525	0.212
621_T_C	0.15567282321899736	0.15633220593761743	0.1904761904761905	0.185
666_A_T	0.15567282321899736	0.15633220593761743	0.23809523809523808	0.154
859_A_G	0.12702600829249905	0.12664411875234874	0	0.11
958_T_C	0.03844704108556351	0.0383314543404735	0	0.033
1297_T_C	0.0395778364116095	0.03983464862833521	0	0.034
1337_G_A	0.04560874481718809	0.04547162720781661	0	0.045
1356_T_C	0.2186204297022239	0.21871476888387825	0.16666666666666666	0.195
1489_G_A	0.03807010931021485	0.03795565576850808	0	0.04
1532_A_G	0.08518658122879759	0.0849304772641864	0	0.086
1634_T_C	0.04560874481718809	0.04547162720781661	0	0.028
1642_A_G	0.04560874481718809	0.04547162720781661	0	0.029
1655_T_D	0.8311345646437994	0.8275084554678692	0.8333333333333334	0.773
1656_G_D	0.8311345646437994	0.8312664411875235	0.8333333333333334	0.768
1675_T_C	0.13531850735016962	0.13528748590755357	0.1176470588235294	0.139
1716_A_C	0.03807010931021485	0.03795565576850808	0	0.039
1942_A_T	1	1	1	1
1985_G_T	0.07990953637391632	0.07966929725667042	0.10526315789473684	0.078
2011_A_C	0.11948737278552582	0.11987974445697108	0	0.135
2067_G_A	0.04560874481718809	0.04547162720781661	0	0.03
2106_G_A	0.0444779494911421	0.04472003006388576	0	0.044
2216_T_A	0.04598567659253675	0.04584742577978203	0	0.048
2241_C_A	0.07990953637391632	0.07966929725667042	0.10526315789473684	0.082
2333_C_A	0.0444779494911421	0.04472003006388576	0	0.045
2351_C_G	0.32717678100263853	0.3269447576099211	0.2	0.35
2379_A_D	0.04598567659253675	0.04584742577978203	0	0.027
2409_A_T	0.7523558235959291	0.7523487410747839	0.7894736842105263	0.765
2416_G_A	0.03844704108556351	0.0383314543404735	0.05263157894736842	0.05
2431_A_C	0.13720316622691292	0.1375422773393461	0.15789473684210523	0.141
2449_T_C	1	1	0.8947368421052632	1
2472_A_D	0.6660384470410856	0.6553927095077039	0.631578947368421	0.484
2473_C_D	0.6679231059178289	0.6685456595264938	0.7368421052631579	0.486
2474_A_D	0.6268375424048247	0.6268320180383314	0.6842105263157895	0.454
2475_C_D	0.6260836788541274	0.6268320180383314	0.7368421052631579	0.454
2476_A_D	0.6166603844704108	0.615933859451334	0.6842105263157895	0.449
2477_C_D	0.6155295891443648	0.6136790680195415	0.6842105263157895	0.445
2478_A_D	0.104787033546928	0.10296880871852689	0.15789473684210523	0.066
2479_C_D	0.10365623822088202	0.1033446072904923	0.15789473684210523	0.065
2487_C_G	0.13267998492272898	0.12852311161217586	0.05263157894736842	0.121
2496_A_D	0.03807010931021485	0.03720405862457723	0.05263157894736842	0.033
2497_C_D	0.03807010931021485	0.03720405862457723	0.05263157894736842	0.033
2498_A_D	0.0395778364116095	0.03945885005636979	0.05263157894736842	0.034
2499_C_D	0.0395778364116095	0.03945885005636979	0.05263157894736842	0.035
2500_A_D	0.12438748586505842	0.12401352874859076	0.2631578947368421	0.098
2501_C_D	0.12438748586505842	0.12401352874859076	0.2631578947368421	0.098
2502_A_D	0.16584998115341124	0.16798196166854565	0.2631578947368421	0.141
2503_C_D	0.16584998115341124	0.16459977452085683	0.2631578947368421	0.142
2504_A_D	0.21334338484734264	0.21645997745208567	0.2631578947368421	0.18
2505_A_D	0.21334338484734264	0.20593761743705377	0.2631578947368421	0.185
2507_C_T	0.08857896720693555	0.08831266441187524	0	0.068
2526_C_D	0.04183942706370147	0.04171364148816235	0.10526315789473684	0.044
2527_A_D	0.04183942706370147	0.04171364148816235	0.10526315789473684	0.044
2528_C_D	0.04183942706370147	0.04171364148816235	0.05263157894736842	0.044
2529_A_D	0.04183942706370147	0.04171364148816235	0.05263157894736842	0.044
2591_A_G	0.03844704108556351	0.0383314543404735	0.05	0.055
2609_G_A	0.03844704108556351	0.0383314543404735	0.05	0.052
2611_C_G	0.03844704108556351	0.0383314543404735	0.05	0.054
2660_A_G	0.0840557859027516	0.08380308154829012	0	0.092
2687_A_G	0.7934413871089333	0.7933107854190155	0.8	0.803
2688_T_G	0.7934413871089333	0.7936865839909808	0.7	0.801
2705_A_G	0.6189219751225028	0.6196918451709883	0.45	0.588
2714_G_C	0.03844704108556351	0.0383314543404735	0.05	0.054
2767_T_C	0.09159442140972485	0.09169485155956408	0.1	0.067
2784_T_C	0.48322653599698456	0.4836527621195039	0.35	0.521
2843_C_T	0.09159442140972485	0.09169485155956408	0.05555555555555555	0.072
2864_G_A	0.419148134187712	0.4190154077414506	0.4444444444444444	0.429
2987_A_G	0.04598567659253675	0.04584742577978203	0	0.04
3061_G_A	0.6743309460987561	0.6745584366779406	0.6666666666666666	0.647
3085_A_G	0.04560874481718809	0.04547162720781661	0	0.045
3103_G_C	0.26422917451941197	0.26418639609169486	0.3333333333333333	0.247
3220_G_C	0.07689408217112703	0.07703870725291244	0	0.075
3317_C_T	0.0444779494911421	0.04434423149192033	0	0.069
3336_A_G	0.12702600829249905	0.12664411875234874	0.05555555555555555	0.114
3619_T_C	0.0444779494911421	0.04434423149192033	0	0.043
3936_G_A	0.03995476818695816	0.03983464862833521	0.0625	0.046
3974_T_G	0.04146249528835281	0.04133784291619692	0	0.045
3985_T_A	0.08820203543158689	0.08793686583990981	0.0625	0.071
4008_G_A	0.0444779494911421	0.04434423149192033	0	0.053
4071_A_C	0.26422917451941197	0.26418639609169486	0.1875	0.266
4072_C_A	0.26422917451941197	0.26418639609169486	0.1875	0.264
4265_C_T	0.6038447041085564	0.6039083051484404	0.6875	0.606
4355_T_C	0.046739540143234073	0.04659902292371289	0	0.042
4358_A_G	0.26422917451941197	0.26418639609169486	0.1875	0.263
4433_C_T	0.16170373162457596	0.16234498308906423	0.0625	0.148
4436_A_G	0.16170373162457596	0.16234498308906423	0.0625	0.153
4531_A_D	0.13192612137203166	0.1319052987598647	0.1875	0.128
4576_C_G	0.9585375047116472	0.9586621570838032	1	0.959
4968_G_A	0.046739540143234073	0.04659902292371289	0	0.052
5013_G_T	0.0444779494911421	0.04434423149192033	0	0.038
5037_T_G	0.2468903128533735	0.24765125892521608	0.25	0.275
5045_A_G	0.2468903128533735	0.24765125892521608	0.25	0.273
5052_A_T	0.2468903128533735	0.24765125892521608	0.25	0.259
5055_A_G	0.2468903128533735	0.24727546035325065	0.25	0.259
5069_C_T	0.2468903128533735	0.24765125892521608	0.25	0.253
13_G_A	0	0	0.05555555555555555	0
17_G_A	0	0	0.05555555555555555	0
96_A_D	0	0	0.05555555555555555	0
110_G_T	0	0	0.05555555555555555	0
113_C_T	0	0	0.05555555555555555	0
129_G_C	0	0	0.05263157894736842	0
164_C_T	0	0	0.05263157894736842	0
173_G_D	0	0	0.05263157894736842	0
174_A_D	0	0	0.05263157894736842	0
178_A_D	0	0	0.05263157894736842	0
184_A_C	0	0	0.05	0
189_C_D	0	0	0.05	0
192_T_D	0	0	0.05	0
193_G_C	0	0	0.05	0
195_C_T	0	0	0.05	0
209_G_D	0	0	0.05	0
210_C_D	0	0	0.05	0
253_C_D	0	0	0.05	0
255_G_D	0	0	0.05	0
256_T_D	0	0	0.05	0
257_G_D	0	0	0.05	0
258_C_D	0	0	0.05	0
268_G_T	0	0	0.05	0
270_A_T	0	0	0.05	0
272_A_T	0	0	0.05	0
305_G_C	0	0	0.04761904761904761	0
310_C_D	0	0	0.04761904761904761	0
315_T_D	0	0	0.04761904761904761	0
316_T_C	0	0	0.04761904761904761	0
348_C_T	0	0	0.04761904761904761	0
352_G_A	0	0	0.04761904761904761	0
353_G_T	0	0	0.04761904761904761	0
368_T_D	0	0	0.04761904761904761	0
375_G_T	0	0	0.04761904761904761	0
393_G_D	0	0	0.04761904761904761	0
397_G_T	0	0	0.04761904761904761	0
436_T_D	0	0	0.04761904761904761	0
442_C_D	0	0	0.04761904761904761	0
495_C_D	0	0	0.04761904761904761	0
499_T_D	0	0	0.04761904761904761	0
507_T_D	0	0	0.04761904761904761	0
508_G_D	0	0	0.04761904761904761	0
509_T_D	0	0	0.04761904761904761	0
510_G_D	0	0	0.04761904761904761	0
511_T_D	0	0	0.04761904761904761	0
512_C_D	0	0	0.04761904761904761	0
513_A_D	0	0	0.04761904761904761	0
515_A_D	0	0	0.04761904761904761	0
516_A_D	0	0	0.04761904761904761	0
517_A_D	0	0	0.04761904761904761	0
518_T_D	0	0	0.04761904761904761	0
519_G_D	0	0	0.04761904761904761	0
521_C_D	0	0	0.04761904761904761	0
522_T_D	0	0	0.04761904761904761	0
523_T_D	0	0	0.04761904761904761	0
524_C_D	0	0	0.04761904761904761	0
525_A_D	0	0	0.04761904761904761	0
526_C_D	0	0	0.04761904761904761	0
527_A_D	0	0	0.04761904761904761	0
528_T_D	0	0	0.04761904761904761	0
530_T_D	0	0	0.04761904761904761	0
531_T_D	0	0	0.04761904761904761	0
532_T_D	0	0	0.04761904761904761	0
533_C_D	0	0	0.04761904761904761	0
536_T_D	0	0	0.04761904761904761	0
537_A_D	0	0	0.04761904761904761	0
538_T_D	0	0	0.04761904761904761	0
540_C_D	0	0	0.04761904761904761	0
541_T_D	0	0	0.04761904761904761	0
542_C_D	0	0	0.04761904761904761	0
543_A_D	0	0	0.04761904761904761	0
544_G_D	0	0	0.04761904761904761	0
545_A_D	0	0	0.04761904761904761	0
546_G_D	0	0	0.04761904761904761	0
547_A_D	0	0	0.09523809523809525	0
548_T_D	0	0	0.04761904761904761	0
549_A_D	0	0	0.04761904761904761	0
550_C_D	0	0	0.09523809523809525	0
551_T_D	0	0	0.04761904761904761	0
552_C_T	0	0	0.04761904761904761	0
553_A_D	0	0	0.04761904761904761	0
554_G_D	0	0	0.04761904761904761	0
556_T_D	0	0	0.04761904761904761	0
557_T_D	0	0	0.04761904761904761	0
559_A_D	0	0	0.04761904761904761	0
560_T_D	0	0	0.04761904761904761	0
561_T_D	0	0	0.04761904761904761	0
562_T_D	0	0	0.04761904761904761	0
563_C_D	0	0	0.04761904761904761	0
566_G_D	0	0	0.04761904761904761	0
567_T_D	0	0	0.04761904761904761	0
568_G_D	0	0	0.04761904761904761	0
569_T_D	0	0	0.04761904761904761	0
570_T_D	0	0	0.04761904761904761	0
571_T_D	0	0	0.04761904761904761	0
572_T_D	0	0	0.04761904761904761	0
573_C_D	0	0	0.04761904761904761	0
574_A_D	0	0	0.04761904761904761	0
575_T_D	0	0	0.04761904761904761	0
576_T_D	0	0	0.04761904761904761	0
577_T_D	0	0	0.04761904761904761	0
578_C_D	0	0	0.04761904761904761	0
579_A_D	0	0	0.04761904761904761	0
580_G_D	0	0	0.04761904761904761	0
581_C_D	0	0	0.09523809523809525	0
582_A_D	0	0	0.04761904761904761	0
583_C_D	0	0	0.04761904761904761	0
584_C_D	0	0	0.04761904761904761	0
585_G_C	0	0	0.04761904761904761	0
586_A_D	0	0	0.04761904761904761	0
587_C_D	0	0	0.04761904761904761	0
588_T_D	0	0	0.04761904761904761	0
589_G_D	0	0	0.09523809523809525	0
590_A_D	0	0	0.04761904761904761	0
591_G_D	0	0	0.04761904761904761	0
592_C_D	0	0	0.09523809523809525	0
593_A_D	0	0	0.09523809523809525	0
595_A_D	0	0	0.04761904761904761	0
596_G_D	0	0	0.04761904761904761	0
597_G_D	0	0	0.04761904761904761	0
598_C_D	0	0	0.04761904761904761	0
599_C_D	0	0	0.04761904761904761	0
600_T_D	0	0	0.04761904761904761	0
601_G_D	0	0	0.04761904761904761	0
602_G_D	0	0	0.04761904761904761	0
603_G_D	0	0	0.04761904761904761	0
604_G_D	0	0	0.04761904761904761	0
605_T_D	0	0	0.04761904761904761	0
606_G_D	0	0	0.04761904761904761	0
607_C_D	0	0	0.04761904761904761	0
608_A_D	0	0	0.04761904761904761	0
609_G_D	0	0	0.04761904761904761	0
610_G_D	0	0	0.04761904761904761	0
611_A_D	0	0	0.04761904761904761	0
612_G_D	0	0	0.04761904761904761	0
613_T_D	0	0	0.04761904761904761	0
614_G_D	0	0	0.04761904761904761	0
615_C_D	0	0	0.04761904761904761	0
616_T_D	0	0	0.04761904761904761	0
617_A_D	0	0	0.04761904761904761	0
618_C_D	0	0	0.04761904761904761	0
619_C_D	0	0	0.04761904761904761	0
620_A_D	0	0	0.04761904761904761	0
622_G_D	0	0	0.04761904761904761	0
623_G_D	0	0	0.04761904761904761	0
624_T_D	0	0	0.04761904761904761	0
625_A_D	0	0	0.09523809523809525	0
626_A_D	0	0	0.04761904761904761	0
627_T_G	0	0	0.04761904761904761	0
628_G_D	0	0	0.04761904761904761	0
629_G_D	0	0	0.04761904761904761	0
630_A_D	0	0	0.04761904761904761	0
631_C_D	0	0	0.04761904761904761	0
632_A_D	0	0	0.04761904761904761	0
633_G_D	0	0	0.04761904761904761	0
634_A_D	0	0	0.04761904761904761	0
635_G_D	0	0	0.04761904761904761	0
636_T_D	0	0	0.04761904761904761	0
637_T_D	0	0	0.04761904761904761	0
638_A_D	0	0	0.04761904761904761	0
639_T_D	0	0	0.04761904761904761	0
640_C_D	0	0	0.04761904761904761	0
641_G_D	0	0	0.04761904761904761	0
642_A_D	0	0	0.04761904761904761	0
643_G_D	0	0	0.04761904761904761	0
644_G_D	0	0	0.04761904761904761	0
645_C_D	0	0	0.04761904761904761	0
646_A_D	0	0	0.04761904761904761	0
647_C_D	0	0	0.04761904761904761	0
650_A_D	0	0	0.04761904761904761	0
672_A_D	0	0	0.04761904761904761	0
696_G_A	0	0	0.04761904761904761	0
697_A_G	0	0	0.04761904761904761	0
701_C_D	0	0	0.04761904761904761	0
702_A_D	0	0	0.04761904761904761	0
705_C_T	0	0	0.04761904761904761	0
714_T_D	0	0	0.04761904761904761	0
715_C_D	0	0	0.04761904761904761	0
725_A_D	0	0	0.04761904761904761	0
727_T_C	0	0	0.04761904761904761	0
734_C_G	0	0	0.04761904761904761	0
735_A_G	0	0	0.04761904761904761	0
740_C_G	0	0	0.04761904761904761	0
741_G_T	0	0	0.04761904761904761	0
743_A_G	0	0	0.04761904761904761	0
768_A_T	0	0	0.04761904761904761	0
794_T_D	0	0	0.05	0
795_A_D	0	0	0.05	0
796_C_D	0	0	0.1	0
797_A_G	0	0	0.05	0
798_A_D	0	0	0.05	0
799_G_D	0	0	0.05	0
800_A_D	0	0	0.05	0
808_C_D	0	0	0.05	0
810_C_A	0	0	0.05	0
811_A_G	0	0	0.05	0
816_G_C	0	0	0.05	0
818_G_A	0	0	0.05	0
821_C_D	0	0	0.05	0
822_T_G	0	0	0.05	0
823_C_G	0	0	0.05	0
824_C_A	0	0	0.05	0
825_G_C	0	0	0.05	0
828_C_A	0	0	0.05	0
829_T_C	0	0	0.05	0
832_A_G	0	0	0.05	0
837_T_A	0	0	0.05	0
842_G_D	0	0	0.05263157894736842	0
848_G_A	0	0	0.05263157894736842	0
849_A_G	0	0	0.05263157894736842	0
853_C_D	0	0	0.05263157894736842	0
854_G_T	0	0	0.05263157894736842	0
857_G_A	0	0	0.05263157894736842	0
864_G_T	0	0	0.05263157894736842	0
868_C_D	0	0	0.05263157894736842	0
943_T_C	0	0	0.05555555555555555	0
944_G_C	0	0	0.05555555555555555	0
976_A_T	0	0	0.05555555555555555	0
1009_A_D	0	0	0.05555555555555555	0
1010_G_T	0	0	0.05555555555555555	0
1051_T_C	0	0	0.05555555555555555	0
1052_G_T	0	0	0.05555555555555555	0
1067_G_C	0	0	0.05555555555555555	0
1069_A_T	0	0	0.05555555555555555	0
1072_T_D	0	0	0.05555555555555555	0
1073_C_D	0	0	0.05555555555555555	0
1074_C_D	0	0	0.05555555555555555	0
1075_G_D	0	0	0.1111111111111111	0
1076_T_D	0	0	0.05555555555555555	0
1080_T_C	0	0	0.05555555555555555	0
1082_T_A	0	0	0.05555555555555555	0
1083_G_A	0	0	0.05555555555555555	0
1084_G_A	0	0	0.05555555555555555	0
1093_T_C	0	0	0.05555555555555555	0
1150_T_C	0	0	0.05555555555555555	0
1165_A_D	0	0	0.05555555555555555	0
1166_G_D	0	0	0.05555555555555555	0
1167_G_D	0	0	0.05555555555555555	0
1168_T_D	0	0	0.05555555555555555	0
1169_G_D	0	0	0.05555555555555555	0
1170_A_D	0	0	0.05555555555555555	0
1171_A_D	0	0	0.05555555555555555	0
1172_T_D	0	0	0.05555555555555555	0
1173_T_D	0	0	0.05555555555555555	0
1174_G_D	0	0	0.05555555555555555	0
1175_A_D	0	0	0.05555555555555555	0
1176_T_D	0	0	0.05555555555555555	0
1177_C_D	0	0	0.05555555555555555	0
1178_T_D	0	0	0.05555555555555555	0
1179_G_D	0	0	0.05555555555555555	0
1180_T_D	0	0	0.05555555555555555	0
1181_T_D	0	0	0.05555555555555555	0
1182_T_D	0	0	0.05555555555555555	0
1183_C_D	0	0	0.05555555555555555	0
1184_T_D	0	0	0.05555555555555555	0
1185_A_D	0	0	0.05555555555555555	0
1186_T_D	0	0	0.05555555555555555	0
1187_A_D	0	0	0.05555555555555555	0
1188_T_D	0	0	0.05555555555555555	0
1189_C_D	0	0	0.05555555555555555	0
1190_T_D	0	0	0.05555555555555555	0
1191_A_D	0	0	0.05555555555555555	0
1192_C_D	0	0	0.05555555555555555	0
1193_G_D	0	0	0.05555555555555555	0
1194_T_D	0	0	0.05555555555555555	0
1195_A_D	0	0	0.05555555555555555	0
1196_T_D	0	0	0.05555555555555555	0
1197_A_D	0	0	0.05555555555555555	0
1198_T_D	0	0	0.05555555555555555	0
1199_T_D	0	0	0.05555555555555555	0
1200_C_D	0	0	0.05555555555555555	0
1201_C_D	0	0	0.05555555555555555	0
1202_G_D	0	0	0.05555555555555555	0
1203_A_D	0	0	0.05555555555555555	0
1204_T_D	0	0	0.05555555555555555	0
1205_T_D	0	0	0.05555555555555555	0
1206_G_D	0	0	0.05555555555555555	0
1207_T_D	0	0	0.05555555555555555	0
1208_C_D	0	0	0.05555555555555555	0
1209_A_D	0	0	0.05555555555555555	0
1210_G_D	0	0	0.05555555555555555	0
1211_A_D	0	0	0.05555555555555555	0
1212_A_D	0	0	0.05555555555555555	0
1213_A_D	0	0	0.05555555555555555	0
1214_A_D	0	0	0.05555555555555555	0
1215_A_D	0	0	0.05555555555555555	0
1216_C_D	0	0	0.05555555555555555	0
1217_A_D	0	0	0.05555555555555555	0
1218_C_D	0	0	0.05555555555555555	0
1219_T_D	0	0	0.05555555555555555	0
1220_C_T	0	0	0.05555555555555555	0
1221_G_D	0	0	0.05555555555555555	0
1222_T_D	0	0	0.05555555555555555	0
1223_T_D	0	0	0.05555555555555555	0
1224_C_D	0	0	0.05555555555555555	0
1225_C_D	0	0	0.05555555555555555	0
1226_T_D	0	0	0.05555555555555555	0
1227_A_D	0	0	0.05555555555555555	0
1228_A_D	0	0	0.05555555555555555	0
1229_G_D	0	0	0.05555555555555555	0
1230_T_D	0	0	0.05555555555555555	0
1231_A_D	0	0	0.05555555555555555	0
1232_C_D	0	0	0.05555555555555555	0
1233_C_D	0	0	0.05555555555555555	0
1234_A_D	0	0	0.05555555555555555	0
1235_G_D	0	0	0.05555555555555555	0
1236_T_D	0	0	0.05555555555555555	0
1237_G_D	0	0	0.05555555555555555	0
1238_G_D	0	0	0.05555555555555555	0
1239_C_D	0	0	0.05555555555555555	0
1240_C_D	0	0	0.05555555555555555	0
1241_T_D	0	0	0.05555555555555555	0
1242_G_D	0	0	0.05555555555555555	0
1243_A_D	0	0	0.05555555555555555	0
1244_A_D	0	0	0.05555555555555555	0
1245_G_D	0	0	0.05555555555555555	0
1246_G_D	0	0	0.05555555555555555	0
1247_G_D	0	0	0.05555555555555555	0
1248_A_D	0	0	0.05555555555555555	0
1249_T_D	0	0	0.05555555555555555	0
1250_A_D	0	0	0.05555555555555555	0
1251_C_D	0	0	0.05555555555555555	0
1252_A_D	0	0	0.05555555555555555	0
1253_G_D	0	0	0.05555555555555555	0
1254_G_D	0	0	0.05555555555555555	0
1255_T_D	0	0	0.05555555555555555	0
1256_T_D	0	0	0.05555555555555555	0
1257_C_D	0	0	0.05555555555555555	0
1258_C_D	0	0	0.05555555555555555	0
1259_C_D	0	0	0.05555555555555555	0
1260_A_D	0	0	0.05555555555555555	0
1261_G_D	0	0	0.05555555555555555	0
1262_C_D	0	0	0.05555555555555555	0
1263_A_D	0	0	0.05555555555555555	0
1264_A_D	0	0	0.05555555555555555	0
1265_G_D	0	0	0.05555555555555555	0
1266_A_D	0	0	0.05555555555555555	0
1267_G_D	0	0	0.05555555555555555	0
1268_A_D	0	0	0.05555555555555555	0
1269_A_D	0	0	0.05555555555555555	0
1270_G_D	0	0	0.05555555555555555	0
1271_A_D	0	0	0.05555555555555555	0
1272_T_D	0	0	0.05555555555555555	0
1273_C_D	0	0	0.05555555555555555	0
1274_C_D	0	0	0.05555555555555555	0
1275_A_D	0	0	0.05555555555555555	0
1276_A_D	0	0	0.05555555555555555	0
1277_G_D	0	0	0.05555555555555555	0
1278_G_D	0	0	0.05555555555555555	0
1279_A_D	0	0	0.05555555555555555	0
1280_A_D	0	0	0.05555555555555555	0
1281_G_D	0	0	0.05555555555555555	0
1282_G_D	0	0	0.05555555555555555	0
1283_A_D	0	0	0.05555555555555555	0
1284_A_D	0	0	0.05555555555555555	0
1285_G_D	0	0	0.05555555555555555	0
1286_G_D	0	0	0.05555555555555555	0
1287_C_D	0	0	0.05555555555555555	0
1288_A_D	0	0	0.05555555555555555	0
1289_G_D	0	0	0.05555555555555555	0
1290_A_D	0	0	0.05555555555555555	0
1291_T_D	0	0	0.05555555555555555	0
1333_G_D	0	0	0.05555555555555555	0
1337_G_D	0	0	0.05555555555555555	0
1346_G_A	0	0	0.05555555555555555	0
1353_G_D	0	0	0.05555555555555555	0
1470_C_T	0	0	0.05555555555555555	0
1475_A_D	0	0	0.05555555555555555	0
1476_T_D	0	0	0.05555555555555555	0
1498_T_D	0	0	0.05555555555555555	0
1499_T_D	0	0	0.05555555555555555	0
1504_T_C	0	0	0.05555555555555555	0
1509_C_T	0	0	0.05555555555555555	0
1531_A_D	0	0	0.05555555555555555	0
1533_T_G	0	0	0.05555555555555555	0
1575_G_D	0	0	0.05555555555555555	0
1608_T_D	0	0	0.05555555555555555	0
1609_G_D	0	0	0.05555555555555555	0
1633_C_D	0	0	0.05555555555555555	0
1693_T_D	0	0	0.0588235294117647	0
1694_C_D	0	0	0.0588235294117647	0
1938_T_A	0	0	0.05263157894736842	0
1972_A_T	0	0	0.05263157894736842	0
1988_G_D	0	0	0.05263157894736842	0
1996_A_G	0	0	0.05263157894736842	0
1998_T_C	0	0	0.05263157894736842	0
1999_G_A	0	0	0.05263157894736842	0
2002_C_D	0	0	0.05263157894736842	0
2003_A_D	0	0	0.05263157894736842	0
2004_A_G	0	0	0.05263157894736842	0
2015_G_A	0	0	0.05263157894736842	0
2025_C_T	0	0	0.05263157894736842	0
2029_G_T	0	0	0.05263157894736842	0
2032_G_D	0	0	0.05263157894736842	0
2033_T_A	0	0	0.05263157894736842	0
2034_G_C	0	0	0.05263157894736842	0
2039_T_C	0	0	0.05263157894736842	0
2040_G_T	0	0	0.05263157894736842	0
2058_T_D	0	0	0.05263157894736842	0
2061_T_C	0	0	0.05263157894736842	0
2062_T_A	0	0	0.05263157894736842	0
2066_A_D	0	0	0.05263157894736842	0
2067_G_D	0	0	0.05263157894736842	0
2069_A_D	0	0	0.05263157894736842	0
2070_A_D	0	0	0.05263157894736842	0
2071_A_D	0	0	0.05263157894736842	0
2072_C_D	0	0	0.05263157894736842	0
2073_A_D	0	0	0.05263157894736842	0
2104_C_D	0	0	0.05263157894736842	0
2105_C_D	0	0	0.05263157894736842	0
2106_G_D	0	0	0.05263157894736842	0
2155_C_T	0	0	0.05263157894736842	0
2170_C_A	0	0	0.05263157894736842	0
2275_A_G	0	0	0.05263157894736842	0
2302_C_D	0	0	0.05	0
2303_A_D	0	0	0.05	0
2304_T_D	0	0	0.05	0
2305_A_D	0	0	0.05	0
2306_T_D	0	0	0.05	0
2307_C_D	0	0	0.05	0
2328_A_T	0	0	0.05	0
2342_A_C	0	0	0.05	0
2343_T_A	0	0	0.05	0
2355_T_D	0	0	0.05	0
2357_T_C	0	0	0.05	0
2358_A_D	0	0	0.05	0
2359_A_T	0	0	0.05	0
2366_T_G	0	0	0.05	0
2375_A_D	0	0	0.05	0
2376_T_D	0	0	0.05	0
2407_A_D	0	0	0.05263157894736842	0
2412_A_D	0	0	0.05263157894736842	0
2413_G_D	0	0	0.05263157894736842	0
2414_A_D	0	0	0.05263157894736842	0
2415_C_T	0	0	0.05263157894736842	0
2432_T_D	0	0	0.05263157894736842	0
2433_T_D	0	0	0.05263157894736842	0
2434_A_D	0	0	0.05263157894736842	0
2435_C_D	0	0	0.05263157894736842	0
2436_C_D	0	0	0.05263157894736842	0
2443_A_D	0	0	0.05263157894736842	0
2445_A_D	0	0	0.10526315789473684	0
2446_A_D	0	0	0.10526315789473684	0
2447_T_D	0	0	0.10526315789473684	0
2448_T_D	0	0	0.10526315789473684	0
2450_T_D	0	0	0.10526315789473684	0
2451_A_D	0	0	0.10526315789473684	0
2452_G_D	0	0	0.10526315789473684	0
2453_A_D	0	0	0.10526315789473684	0
2454_G_D	0	0	0.10526315789473684	0
2455_A_D	0	0	0.05263157894736842	0
2456_A_D	0	0	0.05263157894736842	0
2457_C_D	0	0	0.05263157894736842	0
2458_C_D	0	0	0.05263157894736842	0
2459_T_D	0	0	0.05263157894736842	0
2460_A_D	0	0	0.05263157894736842	0
2461_C_D	0	0	0.05263157894736842	0
2462_A_D	0	0	0.05263157894736842	0
2463_G_D	0	0	0.05263157894736842	0
2464_A_D	0	0	0.05263157894736842	0
2465_A_D	0	0	0.05263157894736842	0
2466_T_D	0	0	0.05263157894736842	0
2467_G_D	0	0	0.05263157894736842	0
2468_A_D	0	0	0.05263157894736842	0
2469_G_D	0	0	0.05263157894736842	0
2470_C_D	0	0	0.05263157894736842	0
2471_T_D	0	0	0.05263157894736842	0
2480_A_D	0	0	0.05263157894736842	0
2481_C_D	0	0	0.05263157894736842	0
2482_A_D	0	0	0.05263157894736842	0
2483_C_D	0	0	0.05263157894736842	0
2484_A_D	0	0	0.05263157894736842	0
2485_C_D	0	0	0.05263157894736842	0
2486_A_D	0	0	0.05263157894736842	0
2488_A_D	0	0	0.05263157894736842	0
2489_C_D	0	0	0.05263157894736842	0
2490_A_D	0	0	0.05263157894736842	0
2491_C_D	0	0	0.05263157894736842	0
2492_A_D	0	0	0.05263157894736842	0
2493_C_D	0	0	0.05263157894736842	0
2494_A_D	0	0	0.05263157894736842	0
2495_C_D	0	0	0.05263157894736842	0
2506_A_D	0	0	0.05263157894736842	0
2507_C_D	0	0	0.05263157894736842	0
2508_T_D	0	0	0.05263157894736842	0
2509_G_D	0	0	0.05263157894736842	0
2510_A_D	0	0	0.05263157894736842	0
2511_A_D	0	0	0.05263157894736842	0
2512_A_D	0	0	0.05263157894736842	0
2513_A_D	0	0	0.05263157894736842	0
2514_C_D	0	0	0.05263157894736842	0
2515_A_D	0	0	0.05263157894736842	0
2516_C_D	0	0	0.05263157894736842	0
2517_A_D	0	0	0.05263157894736842	0
2518_C_D	0	0	0.05263157894736842	0
2519_C_D	0	0	0.05263157894736842	0
2520_C_D	0	0	0.05263157894736842	0
2521_A_D	0	0	0.05263157894736842	0
2522_T_D	0	0	0.05263157894736842	0
2523_A_D	0	0	0.10526315789473684	0
2524_C_D	0	0	0.10526315789473684	0
2525_T_D	0	0	0.10526315789473684	0
2530_C_D	0	0	0.05263157894736842	0
2531_A_D	0	0	0.05263157894736842	0
2532_C_D	0	0	0.05263157894736842	0
2533_A_D	0	0	0.05263157894736842	0
2534_C_D	0	0	0.05263157894736842	0
2535_G_D	0	0	0.05263157894736842	0
2536_C_D	0	0	0.05263157894736842	0
2537_A_D	0	0	0.05263157894736842	0
2538_G_D	0	0	0.10526315789473684	0
2539_A_D	0	0	0.05263157894736842	0
2540_A_D	0	0	0.05263157894736842	0
2541_A_D	0	0	0.05263157894736842	0
2542_C_D	0	0	0.05263157894736842	0
2543_T_D	0	0	0.05263157894736842	0
2544_C_D	0	0	0.10526315789473684	0
2545_A_D	0	0	0.10526315789473684	0
2546_C_D	0	0	0.10526315789473684	0
2547_A_D	0	0	0.10526315789473684	0
2548_A_D	0	0	0.10526315789473684	0
2549_G_D	0	0	0.05263157894736842	0
2550_T_D	0	0	0.10526315789473684	0
2551_T_D	0	0	0.05263157894736842	0
2552_C_D	0	0	0.05263157894736842	0
2553_T_D	0	0	0.05263157894736842	0
2554_A_D	0	0	0.05263157894736842	0
2555_A_D	0	0	0.05263157894736842	0
2556_C_D	0	0	0.05263157894736842	0
2557_A_D	0	0	0.05263157894736842	0
2558_C_D	0	0	0.05263157894736842	0
2559_A_D	0	0	0.05	0
2560_C_D	0	0	0.05	0
2561_A_D	0	0	0.05	0
2562_C_D	0	0	0.05	0
2563_A_C	0	0	0.05	0
2564_G_D	0	0	0.05	0
2565_A_D	0	0	0.05	0
2566_C_D	0	0	0.05	0
2567_A_D	0	0	0.05	0
2568_C_D	0	0	0.05	0
2569_G_D	0	0	0.05	0
2570_C_T	0	0	0.05	0
2571_G_D	0	0	0.05	0
2572_C_D	0	0	0.1	0
2573_A_D	0	0	0.05	0
2574_C_D	0	0	0.15	0
2575_C_D	0	0	0.1	0
2576_C_D	0	0	0.1	0
2577_C_D	0	0	0.05	0
2578_T_D	0	0	0.1	0
2579_G_C	0	0	0.05	0
2580_A_D	0	0	0.05	0
2581_A_D	0	0	0.05	0
2582_G_D	0	0	0.05	0
2583_A_D	0	0	0.05	0
2584_A_D	0	0	0.05	0
2585_A_D	0	0	0.05	0
2586_C_D	0	0	0.05	0
2587_A_D	0	0	0.1	0
2588_G_C	0	0	0.05	0
2589_T_D	0	0	0.05	0
2590_G_D	0	0	0.05	0
2592_A_D	0	0	0.05	0
2593_A_D	0	0	0.05	0
2594_T_D	0	0	0.05	0
2595_A_D	0	0	0.05	0
2596_T_D	0	0	0.05	0
2606_C_G	0	0	0.05	0
2635_A_D	0	0	0.05	0
2636_A_D	0	0	0.05	0
2639_G_C	0	0	0.05	0
2643_T_D	0	0	0.05	0
2644_C_D	0	0	0.05	0
2648_C_G	0	0	0.05	0
2664_C_D	0	0	0.05	0
2665_A_D	0	0	0.05	0
2666_C_D	0	0	0.05	0
2667_A_D	0	0	0.05	0
2668_G_D	0	0	0.05	0
2669_T_D	0	0	0.05	0
2670_A_D	0	0	0.05	0
2671_A_D	0	0	0.05	0
2672_A_D	0	0	0.05	0
2673_G_D	0	0	0.05	0
2674_A_D	0	0	0.05	0
2675_G_D	0	0	0.05	0
2676_C_D	0	0	0.05	0
2677_A_D	0	0	0.05	0
2678_A_D	0	0	0.05	0
2679_G_D	0	0	0.05	0
2680_G_D	0	0	0.05	0
2681_G_D	0	0	0.1	0
2682_A_D	0	0	0.1	0
2683_G_D	0	0	0.1	0
2684_T_D	0	0	0.1	0
2685_T_D	0	0	0.1	0
2686_T_D	0	0	0.1	0
2689_A_D	0	0	0.05	0
2690_A_D	0	0	0.05	0
2691_T_D	0	0	0.05	0
2692_A_T	0	0	0.05	0
2693_G_D	0	0	0.05	0
2694_A_D	0	0	0.05	0
2695_A_G	0	0	0.05	0
2696_A_D	0	0	0.05	0
2697_C_G	0	0	0.05	0
2698_A_C	0	0	0.05	0
2699_A_D	0	0	0.05	0
2700_A_D	0	0	0.05	0
2701_T_D	0	0	0.05	0
2702_A_D	0	0	0.05	0
2703_C_D	0	0	0.05	0
2704_C_D	0	0	0.05	0
2706_G_T	0	0	0.05	0
2707_A_D	0	0	0.05	0
2708_A_D	0	0	0.05	0
2709_T_D	0	0	0.05	0
2710_C_D	0	0	0.1	0
2711_A_T	0	0	0.05	0
2719_C_D	0	0	0.05	0
2720_T_D	0	0	0.1	0
2744_C_G	0	0	0.05	0
2748_A_D	0	0	0.05	0
2749_A_D	0	0	0.05	0
2774_C_D	0	0	0.05	0
2799_A_D	0	0	0.05	0
2804_A_D	0	0	0.05	0
2805_A_D	0	0	0.05	0
2806_A_D	0	0	0.05	0
2807_C_D	0	0	0.05	0
2808_C_D	0	0	0.05	0
2809_C_G	0	0	0.05	0
2814_T_D	0	0	0.05	0
2815_G_D	0	0	0.05	0
2831_T_C	0	0	0.05555555555555555	0
2838_C_D	0	0	0.05555555555555555	0
2840_G_C	0	0	0.05555555555555555	0
2844_G_T	0	0	0.05555555555555555	0
2845_A_T	0	0	0.05555555555555555	0
2847_G_D	0	0	0.05555555555555555	0
2972_C_D	0	0	0.05555555555555555	0
2973_A_D	0	0	0.05555555555555555	0
2974_G_D	0	0	0.05555555555555555	0
2975_A_D	0	0	0.05555555555555555	0
2976_T_D	0	0	0.05555555555555555	0
2977_A_D	0	0	0.05555555555555555	0
2978_C_D	0	0	0.05555555555555555	0
2979_C_D	0	0	0.05555555555555555	0
2980_A_D	0	0	0.05555555555555555	0
2981_G_D	0	0	0.05555555555555555	0
2982_G_D	0	0	0.05555555555555555	0
2983_G_D	0	0	0.05555555555555555	0
2984_A_D	0	0	0.05555555555555555	0
2985_A_D	0	0	0.05555555555555555	0
2986_T_D	0	0	0.05555555555555555	0
2987_A_D	0	0	0.05555555555555555	0
2988_T_D	0	0	0.05555555555555555	0
2989_T_D	0	0	0.05555555555555555	0
2990_G_D	0	0	0.05555555555555555	0
2991_T_D	0	0	0.05555555555555555	0
2992_T_D	0	0	0.05555555555555555	0
2993_A_D	0	0	0.05555555555555555	0
2994_A_D	0	0	0.05555555555555555	0
2995_A_D	0	0	0.05555555555555555	0
2996_A_D	0	0	0.05555555555555555	0
2997_T_D	0	0	0.1111111111111111	0
2998_G_D	0	0	0.1111111111111111	0
2999_A_D	0	0	0.05555555555555555	0
3000_T_C	0	0	0.05555555555555555	0
3001_A_D	0	0	0.05555555555555555	0
3002_A_D	0	0	0.05555555555555555	0
3003_T_D	0	0	0.05555555555555555	0
3004_C_D	0	0	0.05555555555555555	0
3005_A_D	0	0	0.05555555555555555	0
3006_G_D	0	0	0.05555555555555555	0
3007_G_D	0	0	0.05555555555555555	0
3008_A_D	0	0	0.05555555555555555	0
3009_A_D	0	0	0.05555555555555555	0
3010_C_D	0	0	0.05555555555555555	0
3011_A_D	0	0	0.05555555555555555	0
3012_A_D	0	0	0.05555555555555555	0
3013_A_D	0	0	0.05555555555555555	0
3014_A_D	0	0	0.05555555555555555	0
3015_A_D	0	0	0.05555555555555555	0
3016_G_D	0	0	0.05555555555555555	0
3017_A_D	0	0	0.05555555555555555	0
3018_G_T	0	0	0.05555555555555555	0
3019_A_D	0	0	0.05555555555555555	0
3020_T_D	0	0	0.05555555555555555	0
3021_C_T	0	0	0.05555555555555555	0
3022_A_D	0	0	0.05555555555555555	0
3023_A_D	0	0	0.05555555555555555	0
3024_C_D	0	0	0.05555555555555555	0
3025_C_D	0	0	0.05555555555555555	0
3026_G_D	0	0	0.05555555555555555	0
3027_G_D	0	0	0.05555555555555555	0
3028_G_D	0	0	0.05555555555555555	0
3029_A_D	0	0	0.05555555555555555	0
3030_A_D	0	0	0.05555555555555555	0
3031_T_D	0	0	0.05555555555555555	0
3032_G_D	0	0	0.05555555555555555	0
3060_G_D	0	0	0.05555555555555555	0
3062_T_D	0	0	0.05555555555555555	0
3063_C_D	0	0	0.05555555555555555	0
3066_C_D	0	0	0.05555555555555555	0
3084_T_D	0	0	0.05555555555555555	0
3085_A_D	0	0	0.05555555555555555	0
3086_T_D	0	0	0.05555555555555555	0
3087_T_D	0	0	0.05555555555555555	0
3168_A_D	0	0	0.05555555555555555	0
3169_G_D	0	0	0.05555555555555555	0
3170_G_D	0	0	0.05555555555555555	0
3171_A_D	0	0	0.05555555555555555	0
3172_A_D	0	0	0.05555555555555555	0
3173_T_D	0	0	0.05555555555555555	0
3174_T_D	0	0	0.05555555555555555	0
3175_A_D	0	0	0.05555555555555555	0
3176_G_D	0	0	0.05555555555555555	0
3177_G_D	0	0	0.05555555555555555	0
3178_T_D	0	0	0.05555555555555555	0
3206_T_C	0	0	0.05555555555555555	0
3352_G_C	0	0	0.05555555555555555	0
3353_C_G	0	0	0.05555555555555555	0
3354_A_G	0	0	0.05555555555555555	0
3620_A_D	0	0	0.0588235294117647	0
3621_C_D	0	0	0.0588235294117647	0
3622_A_D	0	0	0.0588235294117647	0
3623_T_D	0	0	0.0588235294117647	0
3624_C_D	0	0	0.0588235294117647	0
3626_A_D	0	0	0.0588235294117647	0
3627_G_D	0	0	0.0588235294117647	0
3680_C_D	0	0	0.0588235294117647	0
3681_A_D	0	0	0.0588235294117647	0
3682_C_D	0	0	0.0588235294117647	0
3683_A_D	0	0	0.0588235294117647	0
3686_T_C	0	0	0.0588235294117647	0
3692_G_D	0	0	0.0588235294117647	0
3758_G_D	0	0	0.0588235294117647	0
4478_G_A	0	0	0	0.024
