ID	Filter	Pos	Ref	Variant	VariantLevel	MajorBase	MajorLevel	MinorBase	MinorLevel	Coverage	CoverageFWD	CoverageREV	Type
HG00653.final.cram.LPA.extracted.kiv2.realigned.bam	PASS	21	G	A	0.21	G	0.79	A	0.21	651	362	289	2
HG00653.final.cram.LPA.extracted.kiv2.realigned.bam	PASS	31	T	C	0.211	T	0.789	C	0.211	703	392	311	2
HG00653.final.cram.LPA.extracted.kiv2.realigned.bam	PASS	35	C	G	0.222	C	0.778	G	0.222	708	385	323	2
HG00653.final.cram.LPA.extracted.kiv2.realigned.bam	PASS	37	C	T	0.034	C	0.965	T	0.034	709	389	320	2
HG00653.final.cram.LPA.extracted.kiv2.realigned.bam	PASS	50	C	G	0.222	C	0.778	G	0.222	694	378	316	2
HG00653.final.cram.LPA.extracted.kiv2.realigned.bam	PASS	70	C	T	0.22	C	0.78	T	0.22	667	349	318	2
HG00653.final.cram.LPA.extracted.kiv2.realigned.bam	PASS	91	T	C	0.203	T	0.797	C	0.203	631	333	298	2
HG00653.final.cram.LPA.extracted.kiv2.realigned.bam	PASS	105	C	T	0.204	C	0.796	T	0.204	622	322	300	2
HG00653.final.cram.LPA.extracted.kiv2.realigned.bam	PASS	112	C	T	0.206	C	0.794	T	0.206	622	330	292	2
HG00653.final.cram.LPA.extracted.kiv2.realigned.bam	PASS	132	C	T	0.221	C	0.779	T	0.221	634	340	294	2
HG00653.final.cram.LPA.extracted.kiv2.realigned.bam	PASS	141	A	G	0.226	A	0.773	G	0.226	625	328	297	2
HG00653.final.cram.LPA.extracted.kiv2.realigned.bam	PASS	146	C	T	0.10	C	0.90	T	0.10	619	322	297	2
HG00653.final.cram.LPA.extracted.kiv2.realigned.bam	PASS	166	G	A	0.204	G	0.796	A	0.204	607	313	294	2
HG00653.final.cram.LPA.extracted.kiv2.realigned.bam	PASS	191	A	G	0.069	A	0.931	G	0.069	627	321	306	2
HG00653.final.cram.LPA.extracted.kiv2.realigned.bam	PASS	197	G	T	0.169	G	0.831	T	0.169	632	325	307	2
HG00653.final.cram.LPA.extracted.kiv2.realigned.bam	PASS	202	A	C	0.171	A	0.829	C	0.171	632	316	316	2
HG00653.final.cram.LPA.extracted.kiv2.realigned.bam	PASS	203	A	T	0.171	A	0.829	T	0.171	626	319	307	2
HG00653.final.cram.LPA.extracted.kiv2.realigned.bam	PASS	204	A	C	0.17	A	0.83	C	0.17	630	317	313	2
HG00653.final.cram.LPA.extracted.kiv2.realigned.bam	PASS	213	C	T	0.157	C	0.843	T	0.157	658	336	322	2
HG00653.final.cram.LPA.extracted.kiv2.realigned.bam	PASS	236	G	T	0.175	G	0.825	T	0.175	664	338	326	2
HG00653.final.cram.LPA.extracted.kiv2.realigned.bam	PASS	239	C	T	0.174	C	0.826	T	0.174	650	337	313	2
HG00653.final.cram.LPA.extracted.kiv2.realigned.bam	PASS	254	G	A	0.166	G	0.834	A	0.166	664	326	338	2
HG00653.final.cram.LPA.extracted.kiv2.realigned.bam	PASS	260	G	C	0.179	G	0.821	C	0.179	654	325	329	2
HG00653.final.cram.LPA.extracted.kiv2.realigned.bam	PASS	265	C	T	0.169	C	0.831	T	0.169	657	327	330	2
HG00653.final.cram.LPA.extracted.kiv2.realigned.bam	PASS	271	G	C	0.163	G	0.837	C	0.163	644	316	328	2
HG00653.final.cram.LPA.extracted.kiv2.realigned.bam	PASS	287	C	A	0.154	C	0.846	A	0.154	651	319	332	2
HG00653.final.cram.LPA.extracted.kiv2.realigned.bam	PASS	302	C	T	0.149	C	0.851	T	0.149	664	337	327	2
HG00653.final.cram.LPA.extracted.kiv2.realigned.bam	PASS	311	T	G	0.14	T	0.86	G	0.14	665	331	334	2
HG00653.final.cram.LPA.extracted.kiv2.realigned.bam	PASS	318	C	G	0.092	C	0.908	G	0.092	621	310	311	2
HG00653.final.cram.LPA.extracted.kiv2.realigned.bam	PASS	321	A	G	0.092	A	0.908	G	0.092	609	305	304	2
HG00653.final.cram.LPA.extracted.kiv2.realigned.bam	PASS	328	A	G	0.098	A	0.902	G	0.098	563	257	306	2
HG00653.final.cram.LPA.extracted.kiv2.realigned.bam	PASS	333	A	T	0.092	A	0.908	T	0.092	607	298	309	2
HG00653.final.cram.LPA.extracted.kiv2.realigned.bam	PASS	340	G	C	0.097	G	0.903	C	0.097	608	300	308	2
HG00653.final.cram.LPA.extracted.kiv2.realigned.bam	PASS	346	C	T	0.098	C	0.902	T	0.098	605	299	306	2
HG00653.final.cram.LPA.extracted.kiv2.realigned.bam	PASS	355	G	T	0.102	G	0.898	T	0.102	617	309	308	2
HG00653.final.cram.LPA.extracted.kiv2.realigned.bam	PASS	373	A	T	0.172	A	0.828	T	0.172	652	335	317	2
HG00653.final.cram.LPA.extracted.kiv2.realigned.bam	PASS	395	A	T	0.19	A	0.81	T	0.19	669	339	330	2
HG00653.final.cram.LPA.extracted.kiv2.realigned.bam	PASS	399	G	T	0.196	G	0.804	T	0.196	679	350	329	2
HG00653.final.cram.LPA.extracted.kiv2.realigned.bam	PASS	410	T	A	0.152	T	0.821	A	0.152	689	342	347	2
HG00653.final.cram.LPA.extracted.kiv2.realigned.bam	PASS	410	T	G	0.026	T	0.821	G	0.026	689	342	347	2
HG00653.final.cram.LPA.extracted.kiv2.realigned.bam	PASS	412	C	G	0.178	C	0.822	G	0.178	686	334	352	2
HG00653.final.cram.LPA.extracted.kiv2.realigned.bam	PASS	417	G	C	0.18	G	0.82	C	0.18	700	341	359	2
HG00653.final.cram.LPA.extracted.kiv2.realigned.bam	PASS	421	T	A	0.196	T	0.804	A	0.196	688	325	363	2
HG00653.final.cram.LPA.extracted.kiv2.realigned.bam	PASS	427	G	T	0.199	G	0.801	T	0.199	723	359	364	2
HG00653.final.cram.LPA.extracted.kiv2.realigned.bam	PASS	433	C	T	0.208	C	0.792	T	0.208	721	357	364	2
HG00653.final.cram.LPA.extracted.kiv2.realigned.bam	PASS	443	A	C	0.216	A	0.784	C	0.216	721	351	370	2
HG00653.final.cram.LPA.extracted.kiv2.realigned.bam	PASS	458	T	C	0.201	T	0.798	C	0.201	692	335	357	2
HG00653.final.cram.LPA.extracted.kiv2.realigned.bam	PASS	459	G	A	0.197	G	0.803	A	0.197	702	340	362	2
HG00653.final.cram.LPA.extracted.kiv2.realigned.bam	PASS	461	A	G	0.195	A	0.805	G	0.195	712	347	365	2
HG00653.final.cram.LPA.extracted.kiv2.realigned.bam	PASS	467	A	G	0.221	A	0.779	G	0.221	738	362	376	2
HG00653.final.cram.LPA.extracted.kiv2.realigned.bam	PASS	473	G	T	0.224	G	0.776	T	0.224	745	363	382	2
HG00653.final.cram.LPA.extracted.kiv2.realigned.bam	PASS	478	G	T	0.234	G	0.766	T	0.234	745	370	375	2
HG00653.final.cram.LPA.extracted.kiv2.realigned.bam	PASS	514	C	T	0.221	C	0.779	T	0.221	759	403	356	2
HG00653.final.cram.LPA.extracted.kiv2.realigned.bam	PASS	516	A	G	0.047	A	0.953	G	0.047	750	404	346	2
HG00653.final.cram.LPA.extracted.kiv2.realigned.bam	PASS	520	G	T	0.03	G	0.97	T	0.03	733	390	343	2
HG00653.final.cram.LPA.extracted.kiv2.realigned.bam	PASS	529	G	A	0.195	G	0.805	A	0.195	713	375	338	2
HG00653.final.cram.LPA.extracted.kiv2.realigned.bam	PASS	534	T	G	0.181	T	0.819	G	0.181	714	378	336	2
HG00653.final.cram.LPA.extracted.kiv2.realigned.bam	PASS	535	C	T	0.185	C	0.815	T	0.185	701	373	328	2
HG00653.final.cram.LPA.extracted.kiv2.realigned.bam	PASS	539	G	T	0.187	G	0.813	T	0.187	699	375	324	2
HG00653.final.cram.LPA.extracted.kiv2.realigned.bam	PASS	555	C	D	0.171	C	0.824	D	0.171	697	382	315	2
HG00653.final.cram.LPA.extracted.kiv2.realigned.bam	PASS	558	G	T	0.17	G	0.83	T	0.17	690	383	307	2
HG00653.final.cram.LPA.extracted.kiv2.realigned.bam	PASS	564	C	T	0.172	C	0.828	T	0.172	668	377	291	2
HG00653.final.cram.LPA.extracted.kiv2.realigned.bam	PASS	565	C	T	0.181	C	0.819	T	0.181	657	376	281	2
HG00653.final.cram.LPA.extracted.kiv2.realigned.bam	PASS	594	A	G	0.212	A	0.788	G	0.212	706	386	320	2
HG00653.final.cram.LPA.extracted.kiv2.realigned.bam	PASS	621	T	C	0.185	T	0.815	C	0.185	717	375	342	2
HG00653.final.cram.LPA.extracted.kiv2.realigned.bam	PASS	666	A	T	0.154	A	0.83	T	0.154	716	333	383	2
HG00653.final.cram.LPA.extracted.kiv2.realigned.bam	PASS	859	A	G	0.11	A	0.89	G	0.11	738	382	356	2
HG00653.final.cram.LPA.extracted.kiv2.realigned.bam	PASS	958	T	C	0.033	T	0.967	C	0.033	598	299	299	2
HG00653.final.cram.LPA.extracted.kiv2.realigned.bam	PASS	1297	T	C	0.034	T	0.966	C	0.034	676	343	333	2
HG00653.final.cram.LPA.extracted.kiv2.realigned.bam	PASS	1337	G	A	0.045	G	0.955	A	0.045	639	321	318	2
HG00653.final.cram.LPA.extracted.kiv2.realigned.bam	PASS	1356	T	C	0.195	T	0.805	C	0.195	619	307	312	2
HG00653.final.cram.LPA.extracted.kiv2.realigned.bam	PASS	1489	G	A	0.04	G	0.96	A	0.04	671	347	324	2
HG00653.final.cram.LPA.extracted.kiv2.realigned.bam	PASS	1532	A	G	0.086	A	0.914	G	0.086	677	361	316	2
HG00653.final.cram.LPA.extracted.kiv2.realigned.bam	PASS	1634	T	C	0.028	T	0.972	C	0.028	667	301	366	2
HG00653.final.cram.LPA.extracted.kiv2.realigned.bam	PASS	1642	A	G	0.029	A	0.971	G	0.029	679	304	375	2
HG00653.final.cram.LPA.extracted.kiv2.realigned.bam	PASS	1655	T	D	0.773	D	0.773	T	0.227	652	287	365	2
HG00653.final.cram.LPA.extracted.kiv2.realigned.bam	PASS	1656	G	D	0.768	D	0.768	G	0.224	656	292	364	2
HG00653.final.cram.LPA.extracted.kiv2.realigned.bam	PASS	1675	T	C	0.139	T	0.861	C	0.139	655	303	352	2
HG00653.final.cram.LPA.extracted.kiv2.realigned.bam	PASS	1716	A	C	0.039	A	0.961	C	0.039	694	323	371	2
HG00653.final.cram.LPA.extracted.kiv2.realigned.bam	PASS	1942	A	T	1.00	T		-		665	319	346	1
HG00653.final.cram.LPA.extracted.kiv2.realigned.bam	PASS	1985	G	T	0.078	G	0.922	T	0.078	691	359	332	2
HG00653.final.cram.LPA.extracted.kiv2.realigned.bam	PASS	2011	A	C	0.135	A	0.865	C	0.135	658	341	317	2
HG00653.final.cram.LPA.extracted.kiv2.realigned.bam	PASS	2067	G	A	0.03	G	0.97	A	0.03	699	364	335	2
HG00653.final.cram.LPA.extracted.kiv2.realigned.bam	PASS	2106	G	A	0.044	G	0.956	A	0.044	637	289	348	2
HG00653.final.cram.LPA.extracted.kiv2.realigned.bam	PASS	2216	T	A	0.048	T	0.952	A	0.048	628	309	319	2
HG00653.final.cram.LPA.extracted.kiv2.realigned.bam	PASS	2241	C	A	0.082	C	0.918	A	0.082	711	316	395	2
HG00653.final.cram.LPA.extracted.kiv2.realigned.bam	PASS	2333	C	A	0.045	C	0.955	A	0.045	673	359	314	2
HG00653.final.cram.LPA.extracted.kiv2.realigned.bam	PASS	2351	C	G	0.35	C	0.65	G	0.35	665	372	293	2
HG00653.final.cram.LPA.extracted.kiv2.realigned.bam	PASS	2379	A	D	0.027	A	0.973	D	0.027	704	416	288	2
HG00653.final.cram.LPA.extracted.kiv2.realigned.bam	PASS	2409	A	T	0.765	T	0.765	A	0.235	678	416	262	2
HG00653.final.cram.LPA.extracted.kiv2.realigned.bam	PASS	2416	G	A	0.05	G	0.95	A	0.05	621	389	232	2
HG00653.final.cram.LPA.extracted.kiv2.realigned.bam	PASS	2431	A	C	0.141	A	0.859	C	0.141	681	404	277	2
HG00653.final.cram.LPA.extracted.kiv2.realigned.bam	PASS	2449	T	C	1.00	C		-		632	379	253	1
HG00653.final.cram.LPA.extracted.kiv2.realigned.bam	PASS	2472	A	D	0.484	A	0.516	D	0.484	632	346	286	2
HG00653.final.cram.LPA.extracted.kiv2.realigned.bam	PASS	2473	C	D	0.486	C	0.514	D	0.486	629	347	282	2
HG00653.final.cram.LPA.extracted.kiv2.realigned.bam	PASS	2474	A	D	0.454	A	0.546	D	0.454	630	345	285	2
HG00653.final.cram.LPA.extracted.kiv2.realigned.bam	PASS	2475	C	D	0.454	C	0.546	D	0.454	630	345	285	2
HG00653.final.cram.LPA.extracted.kiv2.realigned.bam	PASS	2476	A	D	0.449	A	0.551	D	0.449	626	344	282	2
HG00653.final.cram.LPA.extracted.kiv2.realigned.bam	PASS	2477	C	D	0.445	C	0.547	D	0.445	631	341	290	2
HG00653.final.cram.LPA.extracted.kiv2.realigned.bam	PASS	2478	A	D	0.066	A	0.934	D	0.066	638	336	302	2
HG00653.final.cram.LPA.extracted.kiv2.realigned.bam	PASS	2479	C	D	0.065	C	0.915	D	0.065	649	347	302	2
HG00653.final.cram.LPA.extracted.kiv2.realigned.bam	PASS	2479	C	G	0.018	C	0.915	G	0.018	649	347	302	2
HG00653.final.cram.LPA.extracted.kiv2.realigned.bam	PASS	2487	C	G	0.121	C	0.879	G	0.121	660	347	313	2
HG00653.final.cram.LPA.extracted.kiv2.realigned.bam	PASS	2496	A	D	0.033	A	0.967	D	0.033	659	334	325	2
HG00653.final.cram.LPA.extracted.kiv2.realigned.bam	PASS	2497	C	D	0.033	C	0.965	D	0.033	657	333	324	2
HG00653.final.cram.LPA.extracted.kiv2.realigned.bam	PASS	2498	A	D	0.034	A	0.966	D	0.034	652	326	326	2
HG00653.final.cram.LPA.extracted.kiv2.realigned.bam	PASS	2499	C	D	0.035	C	0.956	D	0.035	635	314	321	2
HG00653.final.cram.LPA.extracted.kiv2.realigned.bam	PASS	2499	C	A	0.009	C	0.956	A	0.009	635	314	321	2
HG00653.final.cram.LPA.extracted.kiv2.realigned.bam	PASS	2500	A	D	0.098	A	0.902	D	0.098	630	314	316	2
HG00653.final.cram.LPA.extracted.kiv2.realigned.bam	PASS	2501	C	D	0.098	C	0.902	D	0.098	635	316	319	2
HG00653.final.cram.LPA.extracted.kiv2.realigned.bam	PASS	2502	A	D	0.141	A	0.859	D	0.141	630	312	318	2
HG00653.final.cram.LPA.extracted.kiv2.realigned.bam	PASS	2503	C	D	0.142	C	0.858	D	0.142	635	317	318	2
HG00653.final.cram.LPA.extracted.kiv2.realigned.bam	PASS	2504	A	D	0.18	A	0.82	D	0.18	635	315	320	2
HG00653.final.cram.LPA.extracted.kiv2.realigned.bam	PASS	2505	A	D	0.185	A	0.724	D	0.185	617	296	321	2
HG00653.final.cram.LPA.extracted.kiv2.realigned.bam	PASS	2505	A	C	0.091	A	0.724	C	0.091	617	296	321	2
HG00653.final.cram.LPA.extracted.kiv2.realigned.bam	PASS	2507	C	T	0.068	C	0.93	T	0.068	629	305	324	2
HG00653.final.cram.LPA.extracted.kiv2.realigned.bam	PASS	2526	C	D	0.044	C	0.956	D	0.044	665	324	341	2
HG00653.final.cram.LPA.extracted.kiv2.realigned.bam	PASS	2527	A	D	0.044	A	0.956	D	0.044	653	314	339	2
HG00653.final.cram.LPA.extracted.kiv2.realigned.bam	PASS	2528	C	D	0.044	C	0.956	D	0.044	662	320	342	2
HG00653.final.cram.LPA.extracted.kiv2.realigned.bam	PASS	2529	A	D	0.044	A	0.954	D	0.044	656	317	339	2
HG00653.final.cram.LPA.extracted.kiv2.realigned.bam	PASS	2591	A	G	0.055	A	0.945	G	0.055	657	305	352	2
HG00653.final.cram.LPA.extracted.kiv2.realigned.bam	PASS	2609	G	A	0.052	G	0.948	A	0.052	676	323	353	2
HG00653.final.cram.LPA.extracted.kiv2.realigned.bam	PASS	2611	C	G	0.054	C	0.946	G	0.054	686	327	359	2
HG00653.final.cram.LPA.extracted.kiv2.realigned.bam	PASS	2660	A	G	0.092	A	0.908	G	0.092	742	347	395	2
HG00653.final.cram.LPA.extracted.kiv2.realigned.bam	PASS	2687	A	G	0.803	G	0.803	A	0.197	700	332	368	2
HG00653.final.cram.LPA.extracted.kiv2.realigned.bam	PASS	2688	T	G	0.801	G	0.801	T	0.199	695	332	363	2
HG00653.final.cram.LPA.extracted.kiv2.realigned.bam	PASS	2705	A	G	0.588	G	0.588	A	0.412	747	367	380	2
HG00653.final.cram.LPA.extracted.kiv2.realigned.bam	PASS	2714	G	C	0.054	G	0.946	C	0.054	745	364	381	2
HG00653.final.cram.LPA.extracted.kiv2.realigned.bam	PASS	2767	T	C	0.067	T	0.931	C	0.067	729	390	339	2
HG00653.final.cram.LPA.extracted.kiv2.realigned.bam	PASS	2784	T	C	0.521	T	0.523	C	0.521	726	374	352	2
HG00653.final.cram.LPA.extracted.kiv2.realigned.bam	PASS	2843	C	T	0.072	C	0.928	T	0.072	692	378	314	2
HG00653.final.cram.LPA.extracted.kiv2.realigned.bam	PASS	2864	G	A	0.429	G	0.571	A	0.429	695	363	332	2
HG00653.final.cram.LPA.extracted.kiv2.realigned.bam	PASS	2987	A	G	0.04	A	0.96	G	0.04	682	330	352	2
HG00653.final.cram.LPA.extracted.kiv2.realigned.bam	PASS	3061	G	A	0.647	A	0.647	G	0.353	689	332	357	2
HG00653.final.cram.LPA.extracted.kiv2.realigned.bam	PASS	3085	A	G	0.045	A	0.955	G	0.045	696	346	350	2
HG00653.final.cram.LPA.extracted.kiv2.realigned.bam	PASS	3103	G	C	0.247	G	0.753	C	0.247	712	337	375	2
HG00653.final.cram.LPA.extracted.kiv2.realigned.bam	PASS	3220	G	C	0.075	G	0.925	C	0.075	709	334	375	2
HG00653.final.cram.LPA.extracted.kiv2.realigned.bam	PASS	3317	C	T	0.069	C	0.931	T	0.069	662	330	332	2
HG00653.final.cram.LPA.extracted.kiv2.realigned.bam	PASS	3336	A	G	0.114	A	0.886	G	0.114	639	314	325	2
HG00653.final.cram.LPA.extracted.kiv2.realigned.bam	PASS	3619	T	C	0.043	T	0.957	C	0.043	669	350	319	2
HG00653.final.cram.LPA.extracted.kiv2.realigned.bam	PASS	3936	G	A	0.046	G	0.954	A	0.046	713	400	313	2
HG00653.final.cram.LPA.extracted.kiv2.realigned.bam	PASS	3974	T	G	0.045	T	0.955	G	0.045	707	404	303	2
HG00653.final.cram.LPA.extracted.kiv2.realigned.bam	PASS	3985	T	A	0.071	T	0.929	A	0.071	718	415	303	2
HG00653.final.cram.LPA.extracted.kiv2.realigned.bam	PASS	4008	G	A	0.053	G	0.947	A	0.053	733	393	340	2
HG00653.final.cram.LPA.extracted.kiv2.realigned.bam	PASS	4071	A	C	0.266	A	0.734	C	0.266	757	371	386	2
HG00653.final.cram.LPA.extracted.kiv2.realigned.bam	PASS	4072	C	A	0.264	C	0.736	A	0.264	759	371	388	2
HG00653.final.cram.LPA.extracted.kiv2.realigned.bam	PASS	4265	C	T	0.606	T	0.606	C	0.394	729	366	363	2
HG00653.final.cram.LPA.extracted.kiv2.realigned.bam	PASS	4355	T	C	0.042	T	0.958	C	0.042	662	320	342	2
HG00653.final.cram.LPA.extracted.kiv2.realigned.bam	PASS	4358	A	G	0.263	A	0.737	G	0.263	658	307	351	2
HG00653.final.cram.LPA.extracted.kiv2.realigned.bam	PASS	4433	C	T	0.148	C	0.852	T	0.148	776	353	423	2
HG00653.final.cram.LPA.extracted.kiv2.realigned.bam	PASS	4436	A	G	0.153	A	0.847	G	0.153	765	352	413	2
HG00653.final.cram.LPA.extracted.kiv2.realigned.bam	STRAND_BIAS	4478	G	A	0.024	G	0.976	A	0.024	760	344	416	2
HG00653.final.cram.LPA.extracted.kiv2.realigned.bam	PASS	4531	A	D	0.128	A	0.868	D	0.128	720	333	387	2
HG00653.final.cram.LPA.extracted.kiv2.realigned.bam	PASS	4576	C	G	0.959	G	0.959	C	0.041	691	378	313	2
HG00653.final.cram.LPA.extracted.kiv2.realigned.bam	PASS	4968	G	A	0.052	G	0.948	A	0.052	620	270	350	2
HG00653.final.cram.LPA.extracted.kiv2.realigned.bam	PASS	5013	G	T	0.038	G	0.962	T	0.038	630	284	346	2
HG00653.final.cram.LPA.extracted.kiv2.realigned.bam	PASS	5037	T	G	0.275	T	0.725	G	0.275	619	292	327	2
HG00653.final.cram.LPA.extracted.kiv2.realigned.bam	PASS	5045	A	G	0.273	A	0.727	G	0.273	623	294	329	2
HG00653.final.cram.LPA.extracted.kiv2.realigned.bam	PASS	5052	A	T	0.259	A	0.741	T	0.259	630	298	332	2
HG00653.final.cram.LPA.extracted.kiv2.realigned.bam	PASS	5055	A	G	0.259	A	0.741	G	0.259	641	301	340	2
HG00653.final.cram.LPA.extracted.kiv2.realigned.bam	PASS	5069	C	T	0.253	C	0.747	T	0.253	655	310	345	2
